location,lat,lon
ראש פינה,32.9778208,35.5851655
נחל צביה בעמק  בית שאן,31.787604,35.1963061
מערת פער,33.0310083,35.3859111
הטיילת בין כפר חרוב (מצפה השלום) למבוא חמה,,
הר הקפיצה,32.6736277,35.3010187
שביל פסגה בהר מירון,,
פארק רחביה (עמק המצלבה),31.7753065,35.2088872
שביל הפסגה הר מירון,,
רכס בשנית,33.04601225,35.84771569
מצד עתרת - הירדן ההררי,33.00466375,35.62780053
שמורת אלוני אבא,32.73979245,35.16841062
שביל נוף נחל קטלב  - מפגש שבילים אדום שחור.,,
נחל תקוע - מערת חריטון,32.1799825,34.8508381
חוף השרון,32.2167746,34.8224118
תל מלוט,31.856263,34.865334
ליד קניון יפתח,32.139158,34.8448214
ליד המרינה בהרצליה,32.084957,34.789684
מעל גב קינה,31.1975307,35.1672249
החוף הדרומי של אשדוד,31.7969077,34.6308671
פארק הרצליה,32.16814335,34.82259859
כניסה למושב בן זכאי (ביציאה הדרומית מ יבנה),,
באזור נחל לוץ ומצפור ערוד,,
"נחל חיק, 20 מ' לאחר המעיין",32.8833885,35.238487
נחל חיק,32.7220867,35.0438053
הר הלל שביל האדמוניות(שחור) בשמורת הר מירון,,
ליד בית ג'אן שמורת הר מירון,,
מלכישוע,32.4385275,35.4130069
הר שאול,32.535533,35.3754365
אחו בנימינה,,
פארק איילון,31.712723,34.99510769
חורבת בית לויה,31.5639305,34.928463
ארבל,32.8247933,35.4999392
יער קולה,32.0279823,34.96553061
"מדרום למגרש החניה הקטן, בין חורשים לנירית",,
יער חורשים בכנסה לכביש החניון,,
יער חורשים,32.1341123,34.98239361
בשביל הכחול העולה מעין אלון,,
לצד הכביש המוביל לבית אורן (721),,
נחל חצץ,30.890481,34.8720074
חרבת קנובה וחרבת בארית,,
הר ברקן בגלבוע,32.5100616,35.4087714
נחל קטלב,31.7403928,35.0753482
יער להב,31.3667888,34.83852247
עמק גלילות,33.1787718,35.620776
נחל עמוד,32.9361657,35.4762685
פארק בריטניה,31.6888919,34.927992
נחל חצץ לפני העליה למעבר לנחל דרוך.,,
הבניאס,32.6413699,35.0852944
שמורת יקום,,
חורבת סמארה נחל אלכסנדר,,
תל אנפה - גבעת הנרקיסים,31.7411422,34.7432197
שמורת הסטף מסלול מקיף הר איתן המסומן אדום,,
"יער פרו, בתוואי שביל ישראל",,
כביש 3866 מול הכניסה לכביש המוביל למערת הנטיפים,,
יער המלאכים,32.178929,34.860046
שמורת נחל אלכסנדר,32.3756497,34.9146774
הר קטע,30.8750168,34.834897
הר יונה- שמורת האירוס הנצרתי,,
שמורת המסרק,31.7942231,35.04166071
שלוחת איילה,32.6313513,34.9624681
יער הקדושים,31.7706338,35.04190076
"איזור עדולם, איזור לכיש",,
"ליד חרבת מסעד, איזור עדולם",,
דלב,31.7434213,35.1458352
ליד יקנעם,,
נחל דלב,32.59029135,34.91645673
תל אנפה,33.1770946,35.64464307
הר איתן,31.7693086,35.1120788
רמת דלתון - מזרחית לאגם בשטח המרעה,,
מערת התאומים,31.7262328,35.0205163
יער הנשיא - צרעה,31.78209375,34.96820015
נחל צאלים,31.3306001,35.2502127
יער הקדושים -השביל הכחול,,
פארק קנדה,31.528257,34.58600954
נחל ראש פינה,32.9778208,35.5851655
יער צרעה,31.78209375,34.96820015
נחל ספונים ונחל גלים,,
מעגן מיכאל מצפון לבית העלמין,,
מעגן מיכאל צפונית לבית העלמין,,
"""יער המלאכים""",32.178929,34.860046
נחל קטלב - השביל הכחול,,
באר שבע,31.2457442,34.7925181
נגב,31.42081875,34.53362698
שמורת מערת פער - סאסא,33.03140495,35.38572117
נחל מחניים עליון,32.9886405,35.570735
שביל פסגה - הר מירון,31.7458066,34.9970397
חורבת כרך,32.677312,35.0714278
חולות מדרום לאשקלון,,
נחל זוויתן עליון,32.9657725,35.694415
צומת יד מרדכי-אשקלון,31.588885,34.563847
בריכת הנופרים ומקורות הירקון,,
מקורות הירקון - בריכת הנופרים,,
נחל שכם,31.7821828,35.2279731
כרמל,32.7613834,34.9715506
שיפולי חירבת צלית צפון הנגב ליד מיתר,,
"רוגום גנים,קרית יובל ירושלים",31.7662523,35.1746451
יער אודם,33.2282263,35.74726372
גבעות חומרה,31.9351422,34.7430801
שמורת ביצות נוב דרום רמת הגולן,,
נחל סער בדרך למפל רסיסים,,
שמורת שער פולג,32.25857115,34.8396944
תל שוכה עמק האלה מול קיבוץ הל,,
יער נתניה(חורשת הסרג''נטים),32.3047819,34.8788836
שמורת נין דרום הגולן,,
שמורת נוב דרום הגולן,,
שביל האופניים שמתחיל ליד הכניסה לקיבוץ בארי ומוביל גם לבית הקברות,,
צפונית לבית העלמין של מעגן מיכאל,,
"גבעות מיתר צפון הנגב,בין מיתר לחורה",,
על השביל מעל בית העלמין של מיתר,,
חוף פלמחים שפך נחל שורק,,
גבעות נס ציונה,31.934095,34.7870227
הסנפיר הגדול - המכתש הגדול,30.9039727,34.941206
שמורת האירוסים בנתניה,32.2846485,34.84027331
נחל אלכסנדר,32.2373068,34.989744
שמורת נחל פולג,32.26521525,34.83512321
סינגל גברעם,,
גברעם הישנה,,
נווה ירק,32.1333242,34.9242354
מנחת מגידו,32.5941887,35.2369156
מורדות הר תבור,32.6871101,35.3896182
הר תבור,32.6871101,35.3896182
בצד שמאל של כביש הכניסה לכפר יהושע,,
יער חניתה,31.8982809,34.9860362
נחל שיקמה (ליד קיבוץ אור-הנר),,
גברעם,31.5909454,34.6115031
יער שוקדה,31.42626125,34.51243228
עין אלון בנחל אורן,32.7268476,35.0229471
מימין לגדר המערכת מלכישוע,,
חניון הר נדב בגלבוע,,
נחל תבור,32.6640052,35.3942596
גבעת הרקפות רמות מנשה,32.5995997,35.0551126
נחל תאנים בישוב קדומים,,
פי גלילות,32.13655705,34.80366519
גבעת האירוסים נס ציונה,31.9325683,34.7986288
ליד מושב ישעי,32.1568586,34.8028327
חרבת מדרס,,
מנזר בית ג'מאל ליד בית שמש,31.7773954,35.21590463
גבעת ההגנה,32.7431821,35.0360973
שמורת חוף השרון,32.2167746,34.8224118
יובלים,32.8775051,35.2705626
חניון כרמייה,32.92105,35.318874
נחל קדש,33.1140049,35.5725281
נחל כזיב העליה מעין טמיר לחניון הזיתים,,
נחל כזיב,32.9756848,35.3886901
נחל חזורי,33.2511401,35.7314741
שמורת הארבל,32.8228324,35.49025257
נחל דולב,31.7387267,35.0295392
ישראל,30.8124247,34.8594762
נחל גלים,32.7545345,35.001596
עלייה למערת אורנית,31.307772,34.530022
שמורת חלמוניות רכס בוקר,30.9115519,34.75681754
הר חוזק רכס בשנית,,
שביל סובב כנרת בקטע בין כפר נחום לגשר אריק,,
רכס הבשנית,31.220708,34.807144
אחו נוב - חיספין,32.83729,35.7825105
שמורת חלמוניות ירוחם,30.9873582,34.88255119
"נחל ירקעם, כ-300 מ' מזרחית לעין ירקעם",,
צומת דמון,32.7344374,35.0393408
"שביל פסגה, הר מירון",31.7458066,34.9970397
פארק הסלעים כיסרא,,
חיפה  לאורך דרך סטלה מריס,,
"חיפה נחל איזוב ליד מבנים נטושים, האכסניה",,
פארק הסלעים כיסרא - סמיע,,
שמורת עיינות גיבתון,31.8527295,34.86534299
רכס    בשנית  (חזיקה ),33.04601225,35.84771569
רכס  בשנית  (חזיקה ),33.04601225,35.84771569
חוף הצוק הרצליה,32.1409093,34.7900173
חולות צאלים,32.0208907,34.7637803
דרום הכינרת,31.678418,34.570737
תל יודפת,32.085842,34.7747243
צומת יד מרדכי,31.588885,34.563847
חורבת פורה והשמורה,33.1480175,35.75152362
שמורת פורה,31.4966619,34.77526577
רחובות,31.8952532,34.8105616
חוף אכזיב,33.04410005,35.10098716
"אשקלון, שטח פתוח דרומית למלון הולידיי-אין",,
בית הקברות חולון,31.7982961,35.2398551
גבעות סביב ק.דליה,32.8291998,35.0883142
גבעה צפון לדליה ועוד,,
גבעה צפונית לקיבוץ דליה ועוד...,,
הטיילת הדרומית של נהריה,32.0811674,34.7675707
נחל זוויתן תחתון,32.3112667,34.9291889
שמורת חוף השרון שפיים געש,,
בחצרות בתי הילדים בקבוץ שפיים,,
הזאכי,32.894561,35.6398878
מצוק שילת,31.9249571,35.0123101
חורשת הארבעים,,
נחל כלח,32.7426832,35.0239552
קרן בריתות נחל כזיב,,
"נחל כזיב מקרן בריתות לעין תמיר,בעליה למונפורט",,
גן לאומי אפולוניה,32.1932802,34.8063876
תל אבל בית מעכה (כפר יובל),32.04718415,34.84520133
הר כפיר,32.950183,35.4089091
מירון,32.9886409,35.440278
דרך נוף הגלבוע,32.498881,35.498884
מצפור ערן ודובי שמיר,,
בית הקברות החדש בנצרת עילית והר יונה,,
תל ערד,31.2799119,35.1255017
נחל אל על,32.8262779,35.7520258
בורות לוץ,30.5137272,34.6085472
נראה לפני 4 ימים ליד חוות האלפקות,,
מימין לכפר הנגמלים מלכישוע,,
פי גלילות - מערות הקבורה השומרוניות,,
אלוני אבא,32.7310157,35.1713637
"גן לאומי ירקון - אפק, בתאטרון הרומי",,
שמורת איריס ירוחם,32.8339043,35.7943527
הר הנגב,30.4550487,34.69506419
עמק המצלבה בירושלים,31.7725777,35.20704073
אזור תל ערד,31.2799119,35.1255017
"יער יתיר, שביל החלמוניות",,
תבור,32.6871101,35.3896182
מצוקי דלתון,,
שביל החלמוניות ליד ירוחם,,
יער להב ליד הישוב להבים,,
רמת הגולן הר חזק,33.2793667,35.6847301
"שביל הפסגה , הר מירון",,
"הג'ובה הגדולה , יער אודם , רמת הגולן",33.1943741,35.7483145
יער יתיר,31.30701715,35.00383048
רמת הנדיב מסלול אדום,,
מבוא חמה,32.7363463,35.6556132
"שביל הפסגה,  הר מירון",,
רכס בשנית.,33.04601225,35.84771569
ליד ירוחם,30.9839305,34.9132659
"שביל האלות, פארק בריטניה",31.6776889,34.9301694
חורשת הארבעים - דרך הדורות,31.4921608,34.9195633
נחל מירון,32.9794402,35.4433767
שמורת נחל תנינים,32.5443133,34.90484167
מצוק הארבעים ליד חורשת הארבעים,,
בואדיות בערד,,
תל חזקה מעל אלוני הבשן,,
"רמת הנדיב, שער הכניסה לשמורה",,
הר כמון,32.9089197,35.3617229
כביש 40 ליד רמת בקע,32.0701048,34.93585615
שלוחה צפונית לקיבוץ בית אורן,,
תל חפר,32.3594093,34.9952087
ביצאה מרמלה לבית שמש כביש 44,,
כביש 44 לכיוון בית שמש מול תעוז ולפני תרום,,
שמורת שער פולג ושמורת אודים,,
"עמק האלה, גבעת התורמוסים",,
"דרך נדב, מאחורי גן החיות",,
לצידי הכבישים 386 ו- 375,,
מורדות מערביים כרמל,32.7987648,34.969052
שמורת יד חרוצים,32.1776032,34.9265473
שמורת נוב (ליד הכניסה לחספין),,
"גבעת ישעיהו, ההרחבה",31.6702146,34.9462929
"גבעת האירוסים - בין נס ציונה לראשל""צ",31.9325683,34.7986288
שמורת קדימה,32.287287,34.92101516
גבעת התורמוסים,32.6040256,35.3846729
בארי,31.4241619,34.4911156
אום זוקא,32.0643891,34.8576611
שמורת מכתש בארי,31.4431127,34.48803971
רמות מנשה,32.5978839,35.0576452
"רמות מנשה, בסמוך לגבעת הרקפות",,
גבעת הרקפות שבסמוך לקיבוץ גלעד,,
מול גבעת הרקפות,32.8128788,35.1114222
גבעות טבעון,,
הרצליה,32.1676842,34.83082794
יגור,32.7428565,35.0781325
שמורת אירוס הארגמן בנתניה,,
הפינה הצפון מזרחית בחומת העיר עכו,,
"גבעות טבעון, מעל קרית חרושת",32.6958987,35.1091724
צפון הארץ,32.9905081,35.2755424
גבעת החמרה ליד פלמחים,31.8012748,35.24080501
נחל ימין-חתירה,30.8745517,35.1137525
ליד חירבת חנות,31.7115411,35.0456339
מפגש נחל זיתן-נחל לבן,,
ליד אשלים,30.3338986,34.9552121
"לאורך נחל באר שבע, ובצידי דרכים",,
כרמל כל אזור שוויצריה הקטנה,,
שמורת אירוס הדור מעל נחל חצור,31.927836,34.788054
יער בן שמן,31.93594675,34.95979828
שמורת חורשת טל,33.2212094,35.63011326
מירון סיבוב הסחלבים,,
חניון קרן הכרמל,30.6095524,34.7876363
קרן הכרמל,32.647831,35.072348
אזור המוחרקה,,
"נחל כלח, נחל גלים",32.7545345,35.001596
קרני חיטין,32.7962185,35.4696256
חרבת עתרי,,
הר תורען,32.7959235,35.3745399
נחל תבור - אזור קניון הבזלת,32.6469947,35.4682025
פארק בראון בישוב קדומים,,
חשמונאים,32.0823307,34.8113141
"נחל חצ,בן שלח מנוה ועוד  כבר בפריחה  בנחל זהץ",,
"מערות הקבורה השומרוניות ,צפונית לרמת אביב ג'.",,
תל חדיד,31.9636107,34.9515526
שמורת אירוס הביצות - אחו נוב,,
נוב,32.832269,35.7831891
נחל המערות,31.4175707,34.5754561
נחל תאנים - הישוב קדומים,,
חירבת בורגין,,
שמורת אודים - שביל שחור,,
נחל עיון - קטע עליון,33.0832551,35.4642717
"נחל עיון, קטע עליון",33.0832551,35.4642717
"נחל עיון, הקטה הגבוהה יותר",,
שמורת פולג,32.25857115,34.8396944
"מזרחית לכביש 38, ליד אשתאול",,
יער מגינים ליד כרמי יוסף,,
"בית אורן, צפונית לחוות הרוכבים",,
עין עוזי (מעל אבן ספיר),32.8255551,34.98531785
הישוב קדומים,32.0548383,34.7524692
יער אשתאול,31.8017468,34.99501707
מערבית לרמת בית שמש ב',31.7559166,35.0221367
להבים,31.3698184,34.7981649
"חורבת סומק, צפונית לגת המערבית",,
"דרך נוף כרמל, מתחת המוחרקה",,
כניסה למערת הנטיפים,,
הר הרוח,31.8206181,35.0923883
נחל עמוד עליון,32.9110737,35.4772817
"בר גיורה- ח. עתאב, עין ספלה, נחל המערה",,
מצוקי (חורשת) הארבעים.,32.7569869,35.0297856
מצוקי (חורשת) הארבעים,32.7569869,35.0297856
על המדרון מעל הכביש העולה מצומת אורן לחניון האגם אחרי קמ4,,
דרך נוף כרמל,32.1141143,34.7929102
פארק יקום,,
נחל בית אורן,32.7073594,34.9484001
מחצבות קדומים,32.7278669,35.0149846
בירידה מנחל יגור לקיבוץ יגור,,
אזור מערת בני ברית,31.7776037,35.0307959
חירבת חני (קולה),31.765163,35.2218457
מעלה רחבעם,31.7758628,35.2428128
מערת קשת,32.7724428,34.9912521
מערת קשת + נחל שרך בצת,,
נחל שרך בצת,33.0656212,35.1300318
שביל שחור 2333 מחניון הפסגה הר מירון,,
שביל הפסגה בהר מירון,,
שמורת החלמוניות דרומית לאגם ירוחם,,
עין זבד,32.9754333,35.4284019
יער ברקת ויער קולה ליד שוהם,,
שמורת אלוני קדימה,32.287287,34.92101516
שמורת בני - ציון,32.22110185,34.8572786
שיפולים מזרחיים של חירבת צלית,,
נחל שקמה,31.4698572,34.7749584
גבעות מיתר דרום מזרח ליישוב,,
הגבעות דרומית מזרחית ליישוב מיתר,,
בסמוך לכביש 38 בין מחלך שער הגיא לבית שמש,,
גן לאומי חוף השרון,32.23806465,34.82370411
יער ראש העיין - שביל הפריחה,,
פארק בריטניה - שביל הבורות והבארות - תל מירסים,,
שוקדה,31.4216668,34.5253818
"נחל אשלון 2 ק""מ מתחילת המסלול האדום מדימונה",,
"יער בית קשת, דרך נוף",32.7349117,35.3822259
שמורת גבעות גברעם,31.5742812,34.60631693
גבעת הרקפות קיבוץ טל שחר,32.1042667,34.9659004
"שמורת אירוס הביצה, מושב שדה אילן",,
גבעות גברעם,31.7915795,35.2177352
דרך נוף ביריה,32.1141143,34.7929102
שמורת פולג נתניה,32.25857115,34.8396944
שדות מושב אביאל (ליד כביש 6),,
נצרת עילית הר יונה הגבעה אחרי רחוב הגומא,,
"נצרת עילית, הר יונה, הגבעה אחרי רחוב הגומא",,
נחל ערוגות - עין גדי,31.714222,34.984377
מחנה ישראל בין קיבוץ דברת לאחוזת ברק,32.0842167,34.89856617
"כביש 70, כ- 500 מטר ממחלף אליקים מערבה",,
מוצב הפעמון ואנדרטת הזיתים,,
כביש 38 מול מסילת ציון,,
נחל מודיעים,31.9249571,35.0123101
יער ראש העין,32.09783675,34.97289274
"שמורת האלונים ,קדימה",32.287287,34.92101516
"חורשת הסרג׳נטים ,נתניה",32.306781,34.877867
יער בכניסה למושב צלפון/גיזו,,
נחל השקמה - אור הנר,31.5382696,34.5866956
חניון האגם ועין אלון,,
יער בית קשת,32.75539255,35.36885442
נחל מערות,32.67120145,34.96521596
יער יתיר שביל החלמוניות,,
כרמל מצוק הארבעים,32.7569869,35.0297856
מצןק הארבעים בכרמל,32.7569869,35.0297856
"יער חרובית, פארק הלוחם, לאורך שביל הדסה (השביל המסומן בירוק)",,
פארק קנדה.,31.528257,34.58600954
נחלי פיראן תלכיד,31.8145844,34.8627238
בשביל למרגלות האוניברסיטה,,
נחל יצפור,,
פארק קנדה בצד המזרחי של הכביש המוליך מ גת היין צפונה,,
שביל החלמוניות בהר תבור,,
דרך האבות בין אלון שבות לנווה דניאל,,
סוסיא,31.8094238,34.974057
עמק החלמוניות כניסה מיזרחית של להבים,,
נחל ראש פינה במפגש שבילים שחור ירוק,,
"הר תבור, 600מ'' בדרך עפר הראשונה ימינה מכביש העליה לתבור",,
מצוק הארבעים,32.7569869,35.0297856
גבעות ליד מיתר,32.7768128,35.02254465
לטרון,31.8303661,34.9645653
המורדות הצפוניים שמעל לנחל מחניים,,
שלוחת איילה (דרום הכרמל),32.6313513,34.9624681
סטף - שביל השומרות,32.0525121,34.84960787
חניון להבים מזרח,31.99641205,34.88227583
חלמוניות ירוחם,30.9792723,34.8905856
מתלול עמינדב בגלבוע,,
מתלול עמינדב ונחל צביה,32.4567204,35.4332539
חי בר כרמל,32.75346265,35.01102359
חורשת ה-40 שביל המצוק,31.9227288,34.6933177
הר מירון שביל הפסגה,,
הר ברקן,32.5100616,35.4087714
העמק הנעלם,29.670227,34.94473
שמורת רכס בוקר,30.9115519,34.75681754
הר חזק מתחת לבסיס הצבאי (ברכס בשנית),,
נחל כזיב (מפנה צפוני),,
נחל המערה,32.1766081,34.8485246
חולות חלוצה ליד צאלים,,
חולון,32.0193121,34.7804076
נחל משמר,31.388472,35.332907
שפך נחל משמר,31.388472,35.332907
חרבת זעק,31.4149324,34.8678575
קרן ברתות,,
אזור שמורת פולג - יקום,,
יער מירון - דרומית לצומת מירון,,
שבילי הגישה למבצר מונפורט - נחל כזיב,,
קרן ברתות - נחל כזיב,,
שמורת האירוסיפ בנתניה,32.2846485,34.84027331
נחל נריה - הר מירון,32.1587927,34.8364399
שביל הפסגה - מירון,32.7726111,34.9869943
טלמון,31.2663614,34.7701709
הר מירון,32.9977837,35.4137268
הר מירון - השביל היורד לחרבת נריה,,
מורדות האף,33.2240264,35.5693472
שמורת חוץ אכזיב,33.06395065,35.02316808
הר מירון - נחל נרייה,32.1587927,34.8364399
פארק גורן,33.0537169,35.22863135
נחל שרך,33.0582431,35.2620016
נחל חלילים,31.8047578,35.1629682
רמת הנדיב,32.5544052,34.946476
נ.ג. 431 ליד חיננית,32.19730435,34.87878653
נחל דימונה,31.116241,35.1196072
תל שימרון,32.7038969,35.2141406
הר תבור לאורך שביל ישראל,,
הר תבור - שביל ישראל,32.6871101,35.3896182
הר שוקף,32.7082744,35.0261585
שמורת/פארק יקום,31.22526,34.58703472
שביל אדום בין חרבת כרך למוחרקה,,
"שביל נורמן, כפר ורדים",32.9876391,35.2770468
גבעת המורה,32.6176829,35.3489433
חוף הבונים,32.6418611,34.9242222
שמורת הבונים,32.6346414,34.91286156
שמורת נחל שורק דרומי,31.7527064,35.06161062
פארק מנשה ליד אליקים,,
"פארק מנשה, ליד אליקים",,
אליקים,32.6327376,35.0670512
"ביער עופר, רכס הכרמל, שלוחה דרומית, לפני העלייה למצפה עופר",,
אזור כרם מהרל,32.6461207,34.9899618
שלוחת איילה ונחל שמרי,,
נחל ימין,31.77278005,35.22545445
כביש עליה להר מירון,,
נחל נשר עליון,31.3359356,35.251049
קבעת הרקפות ליד גלעד,,
הר התבור,32.8057086,35.11393
נחל קטלב ונחל שורק תיכון,,
מנחל קטלב דרך נחל שורק עד מערת הנטיפים,,
נחל קטלב- נחל שורק - הר יעלה,32.4983154,35.4484035
יער חוף הכרמל,32.65378805,34.971151
גבעת הברושים ליד מודיעין,32.1467966,34.842123
נחל דליות.,32.8985526,35.7287957
זויתן תחתון,,
ליד ישיבת איתרי,31.7448765,35.2107703
פארק הסלעים כסרא,,
יער צלפון,31.8125289,34.92106597
רמת דלתון,33.0161305,35.4504843
"הר הגלבוע, נחל יצפור.",32.1592397,34.8374806
נחל חצור ק. איילת השחר,,
מערת הקשת,,
גבעות הכוכר נס ציונה,31.934095,34.7870227
"יער שוקדה, בתרונות בארי, שמורת פורה, הגבעה מול חוות שקמים",,
בתרונות בארי ושמורת פורה,,
לאורך כביש 232,32.6920098,35.2525897
המכתש הקטן,30.9824627,35.19908285
"שביל הפסגה, הר מירון",,
"לאורך רכס אצבע, על השביל המעגלי השחור",,
"מסלול חוף דור הבונים, על גבעות הכורכר",,
כרמל - בדרך למערת אורנית,,
שמורת אירוס הארגמן נתניה,32.284585,34.8461242
בשביל בין חורבת כרך למוחרקה,,
איזור חורבת כרך,32.677312,35.0714278
השביל הירוק מחניון יהדות תימן למגילת האש,,
חרבת קנובה,,
1. חי בר כרמל. 2. בפנייה לכיוון חניון רקית מכביש עתלית בית אורן,,
"נחל השופט, רמות מנשה",31.7500674,35.1671855
מצפור המוחרקה,,
אזור סלעית צור נתן,32.2407088,35.0138835
אזור סלעית,32.649435,35.1872085
נחל רקפת,32.658332,35.0697829
נחל אורן,32.7138895,34.9814622
חרבת קלעה במסלול הירוק ליד פדואל,,
"ליד פדואל, בשביל הירוק לדיר קלעה",,
"מסלול הבורות והבארות, בירידה מתל שקלון",,
בחורשה מול מושב עלומים  על כביש 232,,
"מערות אפקה , תל אביב",32.12957675,34.80931873
"שמורת נחל שקמה, ע",32.8727287,35.50218699
בית דגן,32.001945,34.8301626
פארק קנדה - ליד לטרון,,
"שביל המצוק, חורשת הארבעים",31.9227288,34.6933177
נחל השופט,32.6203676,35.0937349
מערות אפקה,32.12957675,34.80931873
"חורשת הסרג'נטים , נתניה",32.306781,34.877867
שמורת ביתן אהרון,32.3676753,34.87392067
יער בן שמן - מצפה מודיעין,31.898238,34.9827982
הר הקפיצה -נצרת,32.7,35.3083329
תחילת נחל תקוע,32.0589718,34.9136499
"הר ברקן , גלבוע",32.5101497,35.4082838
נחל חיק ובקעת אלון,32.721905,35.031448
חניון חורבת רקית,32.6450187,35.0721031
חורבת רקית,32.677312,35.0714278
שמורת נחל פולג - מול מכון וינגייט,,
בתרונות בארי,,
שמורת חרבת פורה,31.4966619,34.77526577
תל שוכה - גבעת התורמוסים,32.1410227,34.829766
יער בריטניה - תל עזקה,,
שמורת בני ציון-חרוצים,32.22110185,34.8572786
יער הרקפות ליד טל שחר,,
"שביל הצנירים, חורשת ה 40",,
"פארק עדולם, עמק האלה",,
מוזליאום מזור (יער קולה),,
בירידה לנחל רכש,,
נחל רכש,31.8063943,34.87454685
ליד סעד,31.7497713,35.1256726
הר חזק מתחת לבסיס הצבאי (רכס בשנית),,
"גן לאומי קיסריה, מחוץ לחומות",32.5070229,34.8942604
"מצוק הארבעים ,הר הכרמל",,
"גבעת החלמוניות, ירוחם",30.9938828,34.9201161
שביל הפיסגה - הר מירון,,
מתחם מערות אפקה,32.12957675,34.80931873
"עמק צורים, במדרון מתחת לאלה הגדולה",,
נחל נעמן בחורשת האקליפטוס בצד המזרחי,,
"גמלא, השביל לעיר עתיקה.",,
החרמון - תצפית גבעות הקרב (הרכב העליון),,
רכס חזקה,32.747125,35.098727
תל מלוט (שמורת עינות גבתןן),,
"דרך הקיסר, לפני המדרגות הרומיות הדרומיות",,
הישוב קדומים וסביבתו,32.0548383,34.7524692
כביש החוף באיזור מושב הבונים וחופי חיפה,32.6366541,34.9334238
חוף פלמחים,31.9261198,34.69695442
מצוקי החוף בין וינגייט לארסוף,,
שמורת אודים,,
בגבעות סביב היישוב מיתר,,
עין צור,31.6940539,34.7200879
"לאורך ""ציר החשמל"" מדרום לרכבל העליון",,
דולינת סלעם בחרמון,31.267444,35.212661
אזור התעשייה בראון,33.0617991,35.608086
נחל כזיב ליד המונפורט,,
חרבת דורבן ליד הישוב מטע (חפשו באתר עמודענן),,
בתוך מבצר המונפור,,
בכל רחיבי הארץ,31.7835593,35.2104765
בג,32.03925405,34.80285367
חוף בית ינאי שפך האלכסנדר,,
איזור חוות גלעד,32.703314,35.323888
כרמיאל,32.91098395,35.29354438
שכונת מקור חיים מגרש ליד רחוב צרת,,
נחל שורק,31.7630383,34.9376176
"בתוך פרדסיה, רחוב המייסדים",,
"ברל כצנלסון 61, חיפה.",31.96751295,34.7924709
בשביל השחור בירידה ממגרש החניה לנחל כזיב,,
"כתף חרמון, מסלול ירוק",,
"כתף חרמון ,הר עבושית",,
"כתף חרמון,הר חבושית",,
"הר מירון, מסלול אדום - בס שדה",,
"כתף חרמון, הר כחל",,
"מגדל צדק, תל אפק",32.0808063,34.9571024
מורדות הר בראון,33.1583223,35.7786485
חוות משה זר ליד קרני שומרון,32.141878,34.8349811
השביל הכחול (קרן ברתות) בנחל כזיב,,
הר פקיעין,32.9902546,35.352812
"שוויצריה הקטנה, עין אלון",,
"עין אלון, נחל אלון",32.7268476,35.0229471
כפר סבא מזרח ליד בית האבן,32.1802979,34.94042719
עין-טיניה,32.0861877,34.8859152
שוויצריה הקטנה,32.74694,35.02464
בעליה לשמורת הר מירון,,
שביל הגולן עי הר בנטל,,
שמורת נעל דשון,32.86741295,35.1052556
חוף הבונים וחוף דור,32.6418611,34.9242222
לפני הכניסה לכביש למיצר,,
כביש הכניסה לאליעד,32.887503,35.410692
בית ספר שדה הר מירון,30.6019672,34.7909816
צד שמאל של הכביש מביס שדה לשביל הפסגה,,
שביל שחור מהר מירון לישוב מירון,,
הר מירון בשביל השחור היורד מהפיסגה לישוב מירון,,
חורשת ארבעים שביל מוליך לנחל נשר,,
נחל מורן,33.0117511,35.3745124
הישוב קדומים בשומרון,32.0548383,34.7524692
שביל הפסגה - הר מירון,,
נחל כזיב ליד עין תמיר,33.045723,35.2475813
נחל כזיב-שביל-עין זיו-עין תמיר,33.045723,35.2475813
נחל גחר,32.6334082,35.1496084
"נחל כלח, שוויצריה הקטנה, הר הכרמל",,
בכביש 9088 בין צ. קצרין צפ' לקצרין בשולי הדרך,,
בשביל העבר בדרך למפל הג'ילבון בצידי הדרך,,
ואדי עוג'ה,31.4724074,34.4982114
דרך גלעד מיצהר לקדומים,,
לאורך כביש 6 בעיקר בחלקו המרכזי,,
נחל איזוב,,
גלבוע - כתף שאול,32.5281937,35.3724834
גלבוע - נחל יצפור,32.5778203,35.2806115
נחל קינה,31.1957084,35.1708529
הישוב נוקדים,,
עמק הצבאים,31.7602168,35.1954913
בית ג'אן,32.955939,35.352625
הר חוזק,33.0540042,35.8504436
חבל לכיש,32.0288886,34.9366349
השביל השחור,,
נחל דישון,33.0588564,35.4689116
שמורת אירוס ירוחם,31.02103115,34.974141
הר הלל,32.9596126,35.4152454
נחל קנה,32.1820395,34.9150345
"נחל כרמילה, היורד מבית מאיר ליער הקדושים",,
נחל נדר,32.7644011,35.0018591
"שמורת חוף השרון, צפונית לארסוף",,
חרבת חנות - עין מטע - עין תנור,31.7147331,35.0484505
שויצריה הקטנה,32.74694,35.02464
חוף הבונים ליד השביל הירוק קרוב לכניסה,,
חוף דור,32.6418611,34.9242222
יער לביא - ליד בית קברות מוסלמי עתיק,,
קרן ברתות - נחל כזיב השביל הכחול,,
נחל כזיב - קרן ברתות,,
נחל גלים-כלח,32.7545345,35.001596
"חורבת דרבן, ליד שביל ישראל",,
בשביל היורד מחורשת הארבעים לכביש עוספיה,,
שמורת הר מירון,32.9835633,35.38390524
בית אורן מחצבת קדומים,32.4930828,35.5047767
נחל מירון בשביל האדום  מהחניה לבנין המשטרה צד שמאל של השבילה,,
נחל קינה ליד ערד,31.21486695,35.16158915
עתלית,32.6927638,34.9402221
חוף עתלית,32.6927638,34.9402221
צפון הנגב ליד מיתר,,
ליד לטרון,,
שביל ישראל באזור נחל עמוד והר מירון,,
הר מירון בירידה לחרבת חממה,,
בשביל הכחול ממתחם הסוסים בכניסה לבית אורן לכיוון נחל כלח,,
בשביל הכחול שבין מתחם הסוסים בכניסה לבית אורן - לכיוון נחל כלח,,
"בשביל הכחול שבין מתחם הסוסים בכניסה לבית אורן, לבין נחל כלח",,
בשביל שבין נחל כלח לאורוות הסוסים בכניסה לבית אורן,,
בשביל שבין אורוות הסוסים בכניסה לבית אורן לבין נחל כלח,,
"הר כפיר, סימון שבילים שחור",,
ליד נווה שלום יער אשתאול,32.1469962,34.8462536
שביל ישראל ליד לטרון,32.7188814,35.1272134
נחל לוטם,32.815441,34.9580273
צומת מגדלים,32.82690265,35.51172907
"איתמר, סמוך ל",31.5556529,34.8129272
"הר הלל ע""י עין זקן",,
על שביל ישראל באפיק הנחל הסמוך לכפר אל-ח''וואלד,,
נחל מעפילים,32.7387811,35.0664918
"שוליים מזרחיים של כביש 40, 1200 מטר דרומה מצומת עבדת",,
שביל האירוסים,32.5058726,35.4114924
בעליה להר עצמון (שביל כחול),,
לאורך כל השביל הכחול בין יודפת להר עצמון,,
יער חדרה,32.42835475,34.89551317
ליד היישוב מיתר,31.7733478,35.17434003
ליד מיתר צפון הנגב,,
 מיתר מאחורי מחסני המועצה,,
קבר שייך מרזוק,31.7884986,35.2292114
ליד מלכישוע,,
"הר יונה, נצרת",32.7229623,35.336229
בכניסה לקבוץ קליה,,
"רמת הנדיב, מסלול ירוק",31.7953879,35.2359276
"יער דודאים, צפונית לצומת גורל ישנו שלט גדול וירידה ימינה ליער דודאים",,
נחל ציפורי ליד טחנת הקמח,,
שלוחת אילה אזור כרם מהרל,,
עין אילה,32.6287327,34.9454021
שלוחת איילה כרם מהרל,,
צומת המפלים,32.986249,35.751156
גבעת הדקטילוריזות בהר קטע,,
"יער דודאים: כביש 40 בין צומת גורל לבין צומת להבים, בצד המזרחי",,
כרם מהרל גבעות עופר,32.6421342,34.9896252
מג''דל שמס,32.88594515,35.63999195
בדרך לאום -אל קנטיר,,
שמורת בני ציון,32.22110185,34.8572786
מול בהד 1,32.5319923,34.9253783
מוזיאון דרך הדורות ליד אוניבריטת חיפה,,
מוזיאון דרך הדורות ליד אניברסיטת חיפה,,
שביל המצוק לכיוון עמק הזיתים,,
שביל המצוק בסמוך לאוניברסיטת חיפה,,
שביל המצוק ליד אוניברסיטת חיפה,,
שביל המצוק מדרום מזרח לאוניברסיטת חיפה,,
בסוף שביל המצוק לכיון עמק הזיתים ליד אוניברסיטת חיפה,,
הר עצמון,32.8237648,35.2668953
תל יודפת הר עצמון ונחל אבליים,,
נחל אבליים,32.1167874,34.7999223
חומת שמואל+גבעת הארבעה,31.7351233,35.216101
חירבת בית לויה (צפונית לאמציה),,
 שמורת  הטבע  רמת  הנדיב. ע''י  זכרון  יעקב,32.5576014,34.9561913
" שמורת  הטבע  רמת  הנדיב, ע''י  זכרון  יעקב.",32.5576014,34.9561913
"שמורת  הטבע  רמת  הנדיב, ע''י  זכרון  יעקב.",32.5576014,34.9561913
"שמורת הטבע  רמת  הנדיב  ,ע''י  זכרון  יעקב.",32.5576014,34.9561913
כביש בית שמש-מערת הנטיפים,,
לאורך כביש מספר 1 וכביש מספר 38,,
בכניסה לנחל כסלון ליד הכביש משער הגיא לבית שמש,,
יער הדודאים קצת צפונה לבאר שבע,,
פארק קנדה ליד לטרון,,
יער יהדות תימן,31.4307492,34.5689016
תל צרעה,31.7746235,34.9850863
בכביש העולה לאנדרטת הטיסים ליד רמת רזיאל,,
בדרך העולה לאנדרטת הטייסים ליד רמת רזיאל,,
"בכביש אשתעול צובה, בשביל הנכנס ליער הקדושים",,
גבעת הברושים ליד מכבים + יער הקדושים בדך העולה לירושלים מאשתעול,,
"גבעת הברושים ליש מכבים, וגם לאורך מקומות רבים בכבישי העליה לירושלים",,
בכביש העולה לאנדרטת הטייסים ליד רמת רזיאל,,
תל אבל בית מעכה,33.2585425,35.5803202
צפוניתלקרית שמונה ליד כביש 90,,
ערד,31.2612199,35.214581
דרום רמת הגולן,32.9801449,35.7249817
הגבעה בצומת גורל,32.0884919,34.8097739
שלושה קילומטרים מדרום לאשלים,,
צומת גורל,31.3110768,34.7883314
בגיבעה המרכזית בקציר,32.08651475,34.85285349
בתוך היער,,
על צידו הצפוני של כביש עוקף באר שבע סמוך לצומת גורל,,
חורשת הארבעים (40) מול הכניסה לחי בר הכרמל,,
חניון האירוסים בגלבוע,32.2815489,34.84004821
שמורת הטבע אירוס הביצות - נוב,,
"נחל רפאים, מלחה",31.747852,35.185018
הר רמון,30.5025318,34.6360406
שמורת פורה ליד בית קמה,,
צפון-מערב הגלבוע והר שאול,,
גלבוע סמוך לגבעת האירוסים,,
"גלבוע , כתף שאול",32.5281937,35.3724834
"גלבוע , גבעת האירוסים",31.9335682,34.7523033
ליד קיבוץ ניר יצחק,33.011956,35.10539
יער דודאים,31.2932096,34.81061014
שביל פרחי הבר ביער ראש העין,31.7782568,35.23158276
מגדל צדק,32.0597437,34.76674105
פארק נאות קדומים מול יער בן שמן,,
יער עופר,32.6484332,34.9713431
גבעת הרקפות,32.56022065,35.0835855
ירוחם שמורת החלמוניות,30.9873582,34.88255119
גבעת נפוליון גבול תל אביב רמת גן,32.0916808,34.80790423
בריכת אניעם,,
"כביש 989 בין מג'דל שמס לנווה אטי""ב",,
"בצידי כביש 6, באיזור החיבור עם כביש 1, וגם בהמשך לאורך כביש 1",,
שביל חוצה פארק גורן,,
הר הנגב - נחל אליאב,31.7742691,35.2260446
"הר יונה, נצרת עלית",,
הר חלוקים ורכס בוקר,30.8888537,34.7477
שמורת אירוס ביצות נוב,32.8339043,35.7943527
ליפתא,31.79453965,35.19647082
כביש 5504 מאחורי נ יר אליהו,32.0551951,34.7855106
שביל שחור מעגלי מעל מערת אצבע בנחל אורן,,
בתרונות רוחמה,31.4932566,34.72409163
מתחת חורשת הארבעים  בשיא הפריחה  כמיות גדולות,,
הרי ירושלים,31.7444618,35.0579576
אור הנר,31.5575591,34.6000531
תל שוכה,32.4973702,35.4587227
שמורת נחל דליות רמת הגולן,32.98371215,35.71581435
"נחל רמז, חיפה",32.7609456,35.02046414
"נחל זיו-רמז, חיפה",32.783021,35.014856
נחל דליות רמת הגולן,32.894561,35.6398878
נחל דרגה,31.731654,35.221176
לאורך חלקו המרכזי של כביש 6,32.28858175,34.86175275
"נחל עמוד 2 ק""מ  אחרי בריכות שכוי",,
תחנת הדלק בצומת מחניים,,
הר מירון שביל הפסגה וכביש המוביל לפסגה,,
"נחל כלח, מהגשר בשביל הכחול לכוון בית אורן",,
ליד הישוב נטף ומלא ליד נווה צוף בשומרון,,
שדות מושב נהלל לכוון הבסיס,,
נחל כלח בירידה מחניון שווצריה הקטנה,,
חורבת עתרי,31.64922765,34.97213232
ראש פינה- גינת המטבח,32.96938225,35.53544012
כביש 444 דרומית לאלעד,,
בשביל השחור מהילה לקרן ברתות קצת למעלה מצד ימין באזור של בן-סחלב צריפי,,
נחל כזיבבשביל השחור היורד מהילה לקרן ברתות,,
בשביל מצפה הילה-קרן ברתות,,
הר חורשן,32.5852447,35.00362808
שמורת ירוחם,30.9873582,34.88255119
עין ברזית,33.016667,35.316667
נחל נשר -  תחילתו,31.7991732,34.8252404
רכס ירוחם - מסלול חלמוניות ירוחם (בין שדה בוקר לירוחם),,
שביל פארק הסלעים בכסרא,,
ראשון,31.9635712,34.8101149
אישראל,,
שביל הפסגה הר מרון,32.9407659,35.446014
שמורת נחל כזיב תחתון,33.04343895,35.20061147
חורבת עירב,33.0806774,35.2278804
שמורת החלמוניות ירוחם,30.9873582,34.88255119
רכס בשנית - הר חוזק,,
תל חזיקה  -רכס בשנית,,
רכס חזיקה -בשנית,33.04601225,35.84771569
בין תל חזיקה ותל שאף אל כביר,,
כביש אשתאול כיסלון,31.0866897,34.3178132
"נחל צלמון,גבעת החצבים בקצה המזרחי של הכפר סלאמה",,
"(ירושלים)שד'' שמואל מאיר,חומת שמואל.מול גבעת הארבע (מתחת למלון רמת רחל)",,
מצפון לדרום,,
500 מטר דרומית מחוף בצת ליד מפרץ חנייה,,
חוף נחשולים,32.6138484,34.92063
שמורת איריס הארגמן נתניה,32.284585,34.8461242
הישוב קדומים - הר אפרים,,
בצידי השביל האדום בירידה ליהודיה עליון,,
קרן ברתות מעל לנחל כזיב,,
מעלה ההר מעל קיבוץ יגור - על השביל האדום,,
שביל 4141 - מקיבוץ יגור לעוספיה,,
הר כביר - קבר שייח' בילאל,,
בישוב קדומים,,
מסלול הבורות והבארות,,
נמרוד : הר קטע מורדות דרום מערביים.,,
גבעת תיתורה ליד מודיעין,,
גבעת תיתורה ליד מודיעין וחרבת קנובה בין מודיעין למכבים,,
כביש מספר 1,33.2195754,35.6115525
נחל ערוד,30.4929164,34.6786181
שמורת הטבע בני ציון,32.22110185,34.8572786
שמורת הטבע בני-ציון,32.22110185,34.8572786
"איזור הכרמל, שויצריה הקטנה וכו'...",,
לאורך כביש 6 בכניסה מאזור תל חדיד(המנהרה),,
מושב תלמי מנשה / באר יעקב,31.9436359,34.8450699
הר הילל בתוך השמורה של אדמונית החורש,,
שביל האדמוניות בהר הלל,,
רמת הגולן - צומת קשת,32.9927,35.787748
איזור עין גדי+נחל ערוגות,31.714222,34.984377
חורשת הארבעים על הכרמל ליד האוניברסיטה,,
"שמורת אשדות יגור, ממש בתוך קיבוץ יגור, נכנסים לכוון פתח נחל יגור",,
שמורת הר ההל,32.67955965,34.98508825
בית חג''י,32.1662606,34.8401853
נחל חווה,30.7074237,34.8894994
"חניון לילה בעין עקב, נחל חווה",30.797555,34.9740631
מעלה ערוד,30.498621,34.656788
נחל מאיר,31.8240574,34.99223558
הר הילל,32.0812712,34.8346339
שמורת גד,31.4446569,35.37324265
כפר מישר (ליד גדרה),31.8092328,34.7538808
וגם כשנוסעים לכיוון כפר נטר יש שדות של פריחה,,
"ואדי עוג'א- נחל ייט""ב",31.7857535,35.2235788
קבוץ יראון,,
חוצה ישראל מקלקיליה ועד ברקאי,,
עין סהרונים- לכיוון פרסת נקרות,30.6033823,34.9374341
שמורת אירוס הדור מול תל חצור (איילת השחר),,
נחל סער,33.2326594,35.7224647
נחל עיון,33.248872,35.5829355
הר הטייסים בדרך העולה לאנדרטה,,
נחל כסלון באיזור אנדרטת הקדושים,,
"אמציה, גבעות גד , חירבת בית לויה",,
"אמציה, גבעות גד",31.52117995,34.88192737
"פרק הסלעים,הר סנה, תפן",,
"כרמל, ליד כרם מהר""ל",31.6780443,34.9348175
"כרם מהר""ל, יער עופר",,
"שביל האדמוניות - סמ""ש שחור - מפנה צפוני של הר הלל -",,
 נחל ספונים - נחל מתלה (  מסלול 4174 )  כרמל,,
עזוז - חניון בארותיים,30.7923915,34.4678459
מסלול טיולים הר הלל,,
חירבת צונם,,
כזיב תחתון,,
בין מצפה משואה ללוזית,,
 מיתר,31.32800085,34.93894059
שני צידי כביש 1 מלטרון ועד שורש,,
כניסה לישוב שערי תקווה,32.1458961,34.980611
שביל אילן רמון ובורות לוץ,,
נחל ציפורי,32.7761647,35.1178003
"הר תורען, בועיינה-נוג'ידאת",,
"צהלה, תל-אביב",32.1225549,34.8361806
שמורת גיבתון בסמוך למושב יציץ,,
יער חרובית,31.73751,34.8971644
"עמק מהר""ל",,
שמות פורה ליד בית-קמה,31.768326,35.197228
גבעת חומרה ליד פלמחים,31.8012748,35.24080501
גבעת חמרה ליד פלמחים,31.8012748,35.24080501
שמורת פורה ליד בית-קמה,,
נחל הבניאס ונחל חצבני,,
שביל הפיסגה במירון,32.7726111,34.9869943
"שביל הפיסגה במירון - חורבת ב""ק",,
"חוף בוסתן הגליל, 50 מ' דרומית לנחל יסף",,
בכניסה לעמק הנעלם. מטרים ספורים מעל העמק עצמו,,
הריאשונים,32.0814134,34.8044147
גבעת הכלניות בדרום הוד השרון (ליד הר הזבל בקצה רח' דרך הים),,
הרי יהודה - יער שורש,31.7510929,35.0425262
ליד הסכר באגם העונתי ביער אמציה,,
ליד מערות הפעמון ביער אמציה,,
"ק""מ צפונית לחוות האלה על דרך הפטרולים",,
נחל ברק,30.3775878,35.0634213
כקלומטר ממערב לחרבת בית ענבה,,
חרבת דורבן,,
נחל צניפים לאורכו,30.0912699,34.8563968
בעלייה מחוץ לאפיק נחל אל על ברמת הגולן לכיוון אליעד.,,
נחל אל על ברמת הגולן.,32.8345108,35.7672615
חבל עדולם,,
"עין כרם, ירושלים",31.7676367,35.1639025
"הר מירון, שביל הפסגה והשביל השחור לחורבות חממה",,
קיבוץ משמר דוד,31.8224828,34.9009264
"כביש מספר 1, מנזר לטרון, כביש 424 (רמלה - לטרון) וקיבוץ משמר דוד",,
מנזר לטרון וחורשת טל שחר,,
דרך נוף יער ביריה,31.9469724,34.9104405
ליד ישפרו סנטר מודיעין,31.8893287,34.9635571
כביש 395,31.772833,35.153612
חירבת נר בדרך לישוב מירב,,
רכס אצבע,,
מצוק הארבל,32.7569869,35.0297856
הארבל,32.2863725,34.9990527
בית עובד,31.921288,34.7737889
ליד מנזר בית ג'מאל,31.78469205,35.22985921
"חורשת הארבעים, סמוך לבסיס צה""ל",,
בית שערים,32.7037666,35.1292388
חורשה מצפון למנזר בית ג''מאל,31.783519,35.227071
מצוק מגדים,32.71365405,34.96896292
מצפה נטופה,32.8029167,35.3846403
ארבל וקרני-חיטין,,
אחו נוב ליד חיספין,32.0902927,34.8831695
מפל עיט,32.955143,35.7537689
שמורת סטף,32.29569,34.851774
שמורת השיטה המלבינה - אשדוד,,
חולות יבנה,31.878056,34.705
"העיר יבנה, שולי הפרדס בדרום מערב העיר",,
תל עזקה,31.6991715,34.9359149
יער הנשיא - הר תנופה,32.151037,34.84973
כרמיאל פארק ברוך ונגר,32.90487455,35.2923074
צמת גורל,32.0896466,34.8009843
מצפה משואה,31.6673031,34.9226494
"במעלה הר ערקן, (שביל 4163כחול במפת סימון שבילים כרמל)",,
מעלה הר ערקן שביל כחול (4163 במפת סימון שבילים כרמל),,
בצידי השביל האדום (4164 במפת סימון שבילים כרמל) העולה מחניון האגם לחיר,,
על הרכס המערבי לאגם ירוחם(אחרי הסכר),,
אשקלון,31.67385095,34.57524283
אנדרטת מגילת האש,31.7725163,35.0440521
יער ראש העין בתחילת שביל הפריחה,,
שמורת אירוס ירוחם  (בין דימונה לירוחם),,
חורבת תתורה,,
פארק נחל אלכסנדר,32.3988159,34.8965724
"שבי שומרון, הגבעה המערבית",,
אנדרטת האש,31.7725163,35.0440521
הר שוכה,31.6743088,34.9708306
חולות עגור,31.00321535,34.44048098
יער אמציה - גבעות גד - לכיש,,
שמורת חוף דור,32.6363687,34.92203537
כניסה לישוב לכיש וביערות הסמוכים,,
גבעת הג'מוסים-מול גבעת המורה ליד בלפוריה,,
עין בדולח,33.1732616,35.56766231
גבעת הרקפות (ליד קיבוץ גלעד),,
"תל שוכה מול קיבוץ נתיב הל""ה",,
לאורך כביש 38 וכביש 375,,
חרבת חנות ועין מטע,,
בריכת הג'מוסים - בלפוריה,,
מירון - מסלול הפסגה,,
מינחת מגידו,,
"גבעת חומרה, פלמחים",31.9351422,34.7430801
יישוב דלב,,
יקום,32.2485734,34.842087
כביש רמלה-לטרון,31.8426814,34.9857182
כפר יהושוע,32.6820586,35.1522509
"נחל חלילים,שדה מלא עירית",,
דרך הבשור,31.330974,34.944439
"יער אמציה  [שטח אש ח""א81]מדרום לכרמים",,
בערוצים בסביבת רחובות שבנגב,,
שמורת האירוסים נתניה,32.2815489,34.84004821
hgr יער בארי,31.4042636,34.47027333
נחל צבעון,33.0263584,35.4119713
"בריכת חלב, ליד ג'יש",32.0378715,34.7484387
מחצבת חרייבה בכרמל,,
חורש מסביב לחניון רקית בכרמל,,
לאורך השביל שמורת רכס בשנית,,
איילת השחר,33.0215976,35.5759521
"ליד יפתח, קרוב לקניון הקטן",,
2 קמ דרמית מזרחית למגדלים,,
הר הלל- בית ג'אן,31.78197045,35.2222654
נחל עמוד תחתון,32.9361657,35.4762685
אשדוד,31.79570835,34.64888313
אלישיב,32.3802538,34.9092219
קיבוץ איילת השחר,33.0215976,35.5759521
גבעות נצ ציונה,31.9235404,34.8060963
מצפור הצוק,32.1307584,34.787004
שמורת אירוס הדור איילת השחר,33.0118477,35.56442207
הר ערקן והר שוקף,,
הר ערקן,32.719024,35.02377
גבעת התיתורה במודיעין,31.90264415,35.02060004
10022,,
יער להבים,31.3692616,34.8155727
צומת מחניים,32.99069475,35.56296525
"בבהר קטע, ""גבעת הדקטילוריזות""",,
"אזור בית לויה , אמציה",31.5638561,34.9267159
"חרבת בית לויה, אמציה",,
מתחם בית הכנסת העתיק בעין גדי,,
נחל שכוי,32.994045,35.259074
מאור,32.4239237,35.006394
ציפורי,32.74641485,35.28159762
"בדרך לבי""ח הדסה עין כרם",,
"ליד בי""ח הדסה",31.9054558,34.80226536
הישוב כפר אלדד - למרגלות הרודיון,,
לאורך הטיילת הדרומית של נהריה,,
הגלבוע-שביל האירוסים בהר ברקן,,
נחל נריה,33.0036474,35.3821311
נחל מורן ונחל נריה,31.7820471,35.2123028
שויצריה הקטנה-כרמל,32.74694,35.02464
מצוקי האון - מבוא חמה,32.744362,35.657243
נחל בית חנן ליד מבוא חורון,31.7773954,35.21590463
גבעת גד,31.5334633,34.892095
"שמורת אירוס ירוחם, ערוצי נחלים באזור הר הנגב",,
חניון הרועה,30.8755034,34.7859293
"חניון הרועה, רכס בוקר",,
הר צרור,30.860293,34.821201
נחל חשמונאים,32.081711,34.8121769
שמורת חוף הבונים,32.6363687,34.92203537
קיבוץ יקום,31.7358706,34.7502529
"הר הנגב  - מעלה עריף , נחל לוץ .",31.781704,35.218733
מנחת מגידו-ליד מחנה עמוס,,
כביש צומת יששכר עד צומת נעורה,31.765906,34.667305
בית גוברין,31.6123189,34.8964162
נחל כרמילה,31.7854802,35.0268822
נחל ספונים,32.7397426,34.983897
שמורת שער העמקים,32.7343433,35.11993803
עמק האלה,31.6754074,34.9965412
"ההר העגול, עמיקם",32.5645376,35.0315376
"נחל תבור, מרבדים נפלאים",,
" על כביש 918, דרומית לנחל חמדל, בצידו המזרחי של הכביש",,
ליד חורבת דורבן,31.6857678,34.9348546
גבעת הרקפות ליד מושב טל שחר,32.1033939,34.9655056
גבעת חומרה שמורת אירוס הארגמן,,
בכניסה ליער יהדות תימן,,
אזור נעורה/תמרה,31.1417384,35.30962494
"גבעת חומרה, בכביש לפלמחים",,
"בכניסה לשמורת הבונים לפני המחסום, בצד ימין",,
היישוב דֹלב,,
לאורך נחל באר שבע,31.2332689,34.7997615
"צומת ""חטיבת הנגב"" ביציאה המזחית של באר שבע",,
לאורך נחל באר שבע ובצידי דרכים,,
שמורת נוב,32.8339043,35.7943527
על כביש 40 מדרום לצפון-כ 2 ק,,
בתות באשקלון,,
לצידי כביש 35 - בין שדה יואב למשען,,
"אשקלון - בבתות, מעזבות, אשפתות",,
אשקלון - סמוך לקו חוף הים,,
"עין כרם, יער עמינדב",31.766338,35.15027
"יער ירושלים, חירבת סעדים",,
סמוך לאשלים,,
גבעת חומרה,31.9351422,34.7430801
הר יעלה,31.7510929,35.0425262
הר טייסים,31.7741629,35.090068
תל בית שמש,31.75063325,34.97492014
קיבוץ בארי,31.3166927,34.6145616
אום אל עלק-עין צור,,
סובב הר תבור- הסימון השחור,,
הר תבור- צמוד לשער הנוצרי בראש העליה,,
הר נוף,31.7858115,35.1741509
"צפונית לב""ש (דרומית לגבעות גורל)",,
"בקעת אלון - על שביל ישראל, למרגלות הר שוקף",,
שמורת אירוס הארגמן - גבעות בית עובד,,
הר אדיר (אזור התצפית לכיוון לבנון ),,
פארק בריטניה בשולי הדרך הראשית לכל אורכה,,
שמורת ביתן אהרון וגם בחרבת סמרה (נחל אלכסנדר),,
יערות הכרמל,31.9498157,34.9096386
אזור נס הרים,31.7444618,35.0579576
שמורת גבעות ברעם,31.52117995,34.88192737
גבעה 138.5 צפון מזרחית לקיבוץ גברעם,,
גבעה 138.5 צפונית מזרחית לקיבוץ גברעם,,
עין כיסלון,31.7806049,35.0433294
נחל כסלון,31.7889417,35.0717181
נחל המערה / חורבת בית עיתאבּ,,
יער מבוא חמה - דרום רמת הגולן,32.7363463,35.6556132
נחל אביב דישון,33.0588564,35.4689116
נחל מערה,31.726745,35.0279649
אגמון החולה,33.1032024,35.60744133
חניון תחתון נחל מערה,30.8845272,35.1420612
נחל עיון בגבעת החצבים מעל מפל האשד,,
גבעת הרקפות בטל שחר,32.8147001,35.1375478
שמורת אירוס הביצות נוב,32.8339043,35.7943527
"ממזרח לכרם מהר""ל",,
בית אורן,32.730556,35.005556
חורשת ה-40 בכרמל,32.25098995,34.9268322
"שמורת אירוס הביצות, נוב",32.8339043,35.7943527
פארק איילון-קנדה,31.528257,34.58600954
תל אנפה כביש 918,,
דרך המשלטים,,
פארק איילון - קנדה,31.528257,34.58600954
בדרך המשלטים בהרי ירושלים מעל שער הגיא,,
דרך המשלטים בהרי ירושלים מעל שער הגיא,,
שביל הנשרים ברמת הנדיב,,
מערת כבארה,32.5582186,34.9369145
שביל הנשרים רמת הנדיב,31.8970829,35.0107194
כביש החוף צפון - מתלול כורכר צפונה ממחלף זיכרון 10 מ מהכביש,,
נחל עיון בשביל למפל התנור,,
הישוב קדומים בשומרון ונחל תאנים,,
הר שזור במסלול המעגלי ליד חרשים.,,
בישוב קדומים בשומרון,,
הר תבור - שביל החלמוניות,,
יער להב  חניון חלמוניות,31.3795417,34.8352989
נחל ארדון,30.6257894,34.9465278
סיבוב סחלבים (קטלבים) בכביש לפיסגת המירון,,
קרן ברתות מעל נחל כזיב,,
"כרם מהר""ל",,
נחל יחיעם,32.9940318,35.2418351
עין געתון,33.012981,35.1937003
עין געתון ונחל יחיעם,,
עין אשחר (אשר בנחל געתון),33.012981,35.1937003
לצידי הכביש בין תחנת רכבת מלחה לחנית אגד במקום,,
בכביש היורד לסטף,32.1885455,34.8827378
צוקי מנרה,31.9351348,34.8327428
בצומת בעליה לפארק אדמית,,
הקסטל,31.7958685,35.1436576
בין הכניסה המזרחית לאבו גוש ועשצומת הכניסה לשורש,,
אתר הקסטל,31.7967772,35.14353952
לצד כביש מס' 1,31.313839,35.383875
"יער נחשונים, איזור הישוב אלעד",,
אזור  גוש הר מירון צפונית מזרחית לכפר בית ג'ן,,
שמורת המירון אזור חרבת שפנים (חרבת שופניין  ),,
גוש הר מירון  אזור הר שפנים -חרבת שפנים  (ג'בל שופניין ),,
שביל האדמוניות  בהר הילל,,
שמורת אירס הדור איילת השחר,33.0118477,35.56442207
השביל השחור העולה להר הילל,,
השביל השחור 2343 העולה להר הילל (פניה מהשביל הירוק),,
הר הילל - שמורת הר מירון,32.9835633,35.38390524
מורדות הר הילל,32.9882467,35.4227264
עין חוד,31.7343757,35.0517859
200 מ' לכוון עין קובי (פארק בגין),32.7877525,35.5040197
סמוך לצומת מגדלים,32.6727807,35.2382921
מירון בשביל השחור העולה לשביל הפיסגה,,
"הר מירון, שביל הפסגה",,
נחלכזיב לאחר מפגש שביל שחור עם שביל כחול הורד ממערת המקדש בנחל כזיב,,
"הר הלל, שביל האדמוניות",,
בית ג׳ן,,
הר הלל שביל האדמונית,32.1528058,34.8493199
בין שמורת עין אפק לבריכת הנופרים,,
קבר שיח מרזוק,31.8777084,34.7982712
אזור הר הילל,32.9882467,35.4227264
יער אילנות,32.3049286,34.87733449
צלע הגבעה הדרום מזרחית לתל חצור,,
קבר שיח מזרוק,31.8777084,34.7982712
שמורת בני-ציון,32.22110185,34.8572786
שמורת הסחלבים חורשת טל,,
הגבעה המזרחית לתל חצור,,
נחל גוונים,30.5889756,34.9022104
נחל כרמילה הר כרמילה,31.784748,35.035401
נחל אבליים והר עצמון,,
הישוב נילי,31.8891424,34.8213386
הר ברקן שביל האירוסים,,
יישוב דֹּלב,,
גבעות גורל,31.316667,34.816667
מעל ביח הדסה עין כרם,31.7649565,35.15001684
יער זכריה,,
"יער החמישה, ליד אנדרטת הצבי",,
יער החמיש,31.8154005,35.12740158
בדרך מביח הדסה לירושלים,,
כביש העליה משפך זהר לערד[בצידי הכביש],,
סטף,31.7710015,35.1273875
"איזור ציפורי, שביל ישראל לכיוון אנדרטת החייל הבדווי",,
ראשון לציון,31.9635712,34.8101149
ביצות נוב בכניסה לחיספין,,
כביש 211 בין אשלים לצומת שיבטה,,
ליד אנדרטת כוח ביער קולה על כביש אלעד-שוהם,,
שמורת הציבעונים עי מחצבת כפר גילעדי,,
צומת אלייקים,,
שביל האירוסים הר ברקן  גילבוע,,
כביש גישה לעין חוד,,
נחל בוסתן,32.700238,35.0079346
בשביל המסומן הירוק לעין כפירה,,
שביל הר כרמילה,31.784748,35.035401
מסלול נחל כרמילה ונחל כסלון,,
שביל הפסגה / ומול ביהס שדה מירון,,
הר מירון / ביהס שדה מירון,33.01076195,35.38898598
נחל צביה,31.2240968,34.7798446
פארק חוף השרון,32.285706,34.872521
"נס ציונה, גבעות הכורכר",31.934095,34.7870227
נס ציונה גבעות הכורכר,31.934095,34.7870227
עין על בלד - נחל יגור,,
נחל יגור,32.7418086,35.0769902
נחל חגל ונחל אדמה,,
נחל חגל נחל אדמה,32.6356787,35.5444386
הרי מירין,32.9977837,35.4137268
קיבוץ גלעד - יער הרקפות,,
גיבעת הרקפות עי מושב טל -שחר,,
יער אלוני יצחק - גליקסון,32.511844,35.002508
נחל עורבים,33.1433764,35.697522
שמורת חרוצים בני מיון,,
כרמל - הר שוקף,32.7082744,35.0261585
הר שוקף - כרמל,32.7082744,35.0261585
מצוקי הארבעים,32.7569869,35.0297856
ליד חורבת רקית,32.677312,35.0714278
הר שוקף / נחל אורן / חורשת הארבעים,,
מערות אפקה/תל ברוך,32.12957675,34.80931873
"גן סאקר , מתחת התחנה לחקר ציפורים",,
בין בית צפאפה לישיבת איתרי,31.7448765,35.2107703
נחל תאנים ופארק בראון - קדומים,,
רכס בוקר,30.9315468,34.7720472
המדרגות המטפסות למערת אצבע,,
יער יתיר - שביל החלמוניות,,
רכס ירוחם,30.9864231,34.9144536
"רכס בשנית, בתחילת המסלול",,
הר חרת,31.78022225,35.13970913
מערבית לאזור תעשייה רתם,,
יער עין-זיוון,33.0962822,35.7961971
נחל סער ומורדות החרמון,,
שביל פסגה הר מרון,32.9407659,35.446014
הררית,32.8457853,35.369171
דרומית לחוף טנטורה,,
בכניסה לחוף ינאי,,
חורבת קרתה,32.7087676,34.9463856
"הגג החי הצמוד לכנסת, התחנה לחקר ציפורי ירושלים",,
נחל שיח בכרמל,32.8008849,34.9740293
פארק הצנירים - בישוב קדומים,,
נחל תנינים,32.5488714,34.9136691
נחל תאנים - שולי הישוב קדומים,,
מושב נחלים,32.4374928,34.9217766
בדולינה בדרך למוצב ברכבל העליון בחרמון,,
נחל חזורי נכנסים בשביל הכחול לנחל מחניון חזורי,,
שביל הפריחה ביער ראש העין,,
מגדל צדק - ראש העין,32.0808063,34.9571024
אזור מגדל צדק - ראש העין,32.0808063,34.9571024
יער ירושלים - שביל הארז,31.8300098,35.2386195
שביל הארז - יער ירושלים,31.8300098,35.2386195
נחל רקפת - בירידה למסלול מכביש אליקים דלית אל כרמל,,
יער אילנות (ליד קדימה),32.1401793,34.8417802
נחל תבור תחתון,32.6640052,35.3942596
"מירון כ-1 ק""מ בעליה מבי""ס שדה לכוון הפסגה צד שמאל של הכביש",,
"בכביש למירון  מעט לפני בי""ס שדה",,
נחל מורן (מירון)-לא הרחק מהמעיין,,
"נחל חרובים, חירבת סומאק",,
"נחל חרובים, נחל רקפת",32.6657637,35.0246927
"נחל חרוים, חרבת סומק",,
"נחל חרובים, חרבת סומק",,
חבל עדולם - שפלת יהודה,,
נחל צניר (חניתה) צד ימין של הדרך,,
תל שכה,32.0498848,34.78703301
כביש 6 לצפון בין נחל נרבתא למחלף עירון,,
"ממש צפונית לחוף הרשמי תל ברוך, רמת אביב, תל אביב",,
חרבת סגמה נחל אלכסנדר,,
"חורבת דורבן, ליד מושב מטע",,
בנחל צניר (חניתה) מעט לפני הירידה לאזור הסחלבים נראה פרט בודד בימין הד,,
גבעת האירוסים בנצרת עילית,,
הגלבוע,32.4962787,35.4906111
ליד בית הבד ליד נחל זנוח,31.7773954,35.21590463
ליד נס הרים,31.7444618,35.0579576
לאורך כביש 6,32.0471182,34.7686176
שפך נחל שורק,31.9385301,34.71772186
במורדות העופל,,
צידי הכביש לכפר יהושע,,
פתח תקוה,32.0949204,34.886267
יער ברעם כ 200 מטר מהכניסה משמאל לשביל,,
משני צדי שביל הגישה למסעדה בעין כמונים על כביש כרמיאל-עמיעד,,
ביער ברעם כ200 מטר מהכניסה בשדה משמאל לשביל,,
"כביש 98, אלוני הבשן (כניסה להר חזק)",,
כמון,32.9089197,35.3617229
עין הסמל - הגלבוע,32.6449026,35.098372
נחל יתלה,31.8205829,35.0652881
שדות מדרום למושב ישרש,,
עמק האסבסטונים ירושלים,31.7511296,35.1419938
ליד ביח הדסה עין כרם,31.7649565,35.15001684
עמק הצבאים בירושלים,31.7602168,35.1954913
חוף נהריה שפך נחל סער,,
כביש 44 בין כפר אוריה לתעוז,,
"חירבת ענים, סמוך לישוב שני",,
עמק אסבסטונים בירושלים,,
"כביש 6, בין מחלף קרית גת למחלף שורק",,
"לצד כביש 6, בין מחלף שורק למחלף נשרים",,
נחל קומראן תיכון,33.1996821,35.6159331
יער ירושלים,31.78209835,35.1860903
על כביש 424 רמלה-לטרון,,
נחל חזור (מתחת לנווה אטיב),,
בקעת הירדן-עין א שאק,32.493807,35.51263
מצפה אופיר,32.8148419,35.6626901
הר ברקן - גילבוע,32.5100616,35.4087714
בעלייה להר עצמון מנחל יודפת,,
הר עצמון  בעלייה מנחל יודפת,,
עדולם - חרבת עתרי וחרבת בורג׳ין,,
שמורת נחל קטלב,31.7403928,35.0753482
גליל מרכזי - בעלייה להר עצמון,,
גליל מרכזי - בעלייה להר עצמון.,,
נחל סכר,31.113205,34.7875718
בשביל השחור משווצריה הקטנה לנחל כלח ליד החפיר (תעלות),,
בגלבוע בשביל השחור היורד ממלכישוע,,
שמורת גבעת המורה,32.61574335,35.36144042
"כביש 211 כ-4 ק""מ מערבית לאשלים, ו-ליד ה-ק""מ ה-132",,
כביש 211 (באר-שבע-ניצנה)  בקילוטר ה-132 צד ימין,,
כביש 222 מערבה-אחרי רביבים בקילומטר 163,,
הוד השרון,32.14994955,34.88512467
בכביש הגישה לישוב רמות מנשה,,
בשמורת אירוס ירוחם,30.9512157,35.0795174
גלבוע,32.56847295,35.41457562
"כביש 90, על יד צומת קומרן-קליה, בצד צפון-מזרח",,
דרך הבשור צפונית לתל שרוחן,,
בכניסה לישוב מעלה גלבוע,,
נחלי מישור פארן בסמוך לגבול מצרים,,
שמורת תל יצחק דרום,32.2508837,34.86229847
עין צובה,31.7828885,35.1294126
שמורת הכרמל-מול אוניברסיטת חיפה,,
"הר רקית, באזור שהסימון הירוק חותך את הכביש, בכניסה עם הדרך העפר  ועוד",,
ליד הישוב נס הרים,,
מסלול מנס הרים לחירבת עיטאב,,
"סימון שבילים שחור, לאחר מלכישוע",,
נחל יצפור  סימון שביל ירוק,,
מול הר ברקן צמוד לכביש לפני הירידה לשביל לעין סמל,,
צפונית לשכונת רמות בבאר שבע,,
הר ברקן בשביל העולה לכוון מגדל התצפית,,
דרום רמת הגולן - ליד צומת כורסי,32.82714825,35.64952197
נחל קטיע בנשר,32.7659731,35.0281166
חל קטיע,,
ענתות,31.8146304,35.24877672
חניון מול אנדרטה לצ'לנדג'ר כביש 3866,,
כפר יהושע,32.6820586,35.1522509
כביש 6 צפון,32.7147088,34.9704387
יער בית קשת וצות גולני,,
נחל צפית עליון,31.0000276,35.2452502
נחל תקוע,31.783037,35.2105884
נחל צלמון - בשמורה,32.9365276,35.4281997
מזרחית ללהבים,,
שביל הפסגה במירון,32.7726111,34.9869943
הר רמון ובורות לוץ,32.7858778,34.9838919
בורות לוץ והר רמון,31.802766,35.219365
"צומת ערערה בנגב (כביש מס' 25 ב""ש-דימונה)",,
נחל פרת מתחת לנופי פרת,,
חרבת סמארה ליד נחל אלכסנדר,,
הר מירון - בשביל היורד מזרחה מהפסגה,,
שפך נחל אלכסנדר,32.3756497,34.9146774
קיבוץ רמת יוחנן,32.7925038,35.1213847
פסגת הר מירון,31.7458066,34.9970397
נחל אלעל,32.8243397,35.7553496
השביל השחור העולה לעבר הר הילל,,
הר הלל - שביל האדמוניות,,
חרבת צנובר,,
האחזות נמרוד,,
חרבת עתרי אשר בשפלת יהודה,,
גבעת האם,33.2116726,35.6584878
צומת דלתון,,
שמורת נוב (רמת הגולן),32.832269,35.7831891
גבעת חומרה - פלמחים,31.9351422,34.7430801
באזור תל שוכה בעמק האלה,,
"סביב תל שוכה, עמק האלה",,
"תל שוכה, עמק האלה",32.0504509,34.8425007
שביל האירוסים בגלבוע,32.5058726,35.4114924
תל שוכה מול קיבוץ נתיב הלה,,
יער בן-שמן,31.93594675,34.95979828
יער לביא- בפנייה ימינה בהתאם לשילוט בכביש צומת גולני טבריה,,
צומת הלידו -אזור צפון ים המלח,31.2051046,35.3617141
גבעת התורמוסים בעמק האלה,,
שמורת אירוס הביצות -נוב,32.8339043,35.7943527
כביש בית שמש-נס הרים,,
בדרך לאנדרטת מגילת האש,,
יער לביא- פונים ימינה בכביש צומת גולני-טבריה בשילוט,,
מנזר לטרון,,
גבעת התיתורה - בין מודיעין למכבים-רעות,31.90264415,35.02060004
ליד מיני ישראל,31.84225175,34.96897263
נחל אביב - דישון,33.0588564,35.4689116
רמות נפתלי,33.1022971,35.5531168
נחל אביב,33.0796906,35.4717116
כביש ערד-סדום,31.254829,35.124633
בעליה למירון ליד האנדרטה,,
על המדרון מדרום לנחל כפירה.,,
"4 ק""מ מזרחית לצומת תפוח",,
"מערת פער, והדרך הירוקה ממנה לנחל פער",,
מצוק חורשת ה-40,32.25098995,34.9268322
שביל אדמוניות החורש - הר הלל,,
ליד חניון חולות צבעוניים,30.9518989,35.0256764
מסלול האלון הגדול בטבעון,,
נחל קטיע במסלול הירוק. בתחילת המסלול מחניון גן המשחקים,,
חורשת אוסישקין כפר סבא,32.1703626,34.90756868
המצוק הצפוני של הארבל,,
דרום הר חברון - יער יתיר,,
עוקף גן-שמואל,32.451832,34.9498546
"במעלה נחל גדור לכיוון גבעת חפורית, וכן בינה לבין גבעת הל""ה",,
"בין גבעת חפורית לגבעת הל""ה",,
חורשת טל שחר,33.2212094,35.63011326
יער שחריה,31.59569935,34.82991821
רכס סירין צפונית לעין שרונה,,
חרבת נקיק,,
יער אייל,31.99021495,34.93971868
חניון סטף,31.77552765,35.12694779
שביל הבעל - סטף,33.0574591,35.2291314
בית לחם הגלילית- אלוני אבא,32.010091,34.790094
בשביל הירוק בנחל קטלב,,
תל אנפה  קרוב מאד לקיבוץ שמיר,,
"בניאס,  בירידה לגשר התלוי",,
אזור מעלה רחבעם,33.0471666,35.25854827
על יד מערת הפעמון שליד הישוב עופר.,,
בית צפאפא  - צד הדרומי מערבי של ישיבת איתרי,,
בית צפאפא - בסמוך לצד הדרומי מערבי של ישיבת איתרי,,
"חורבת כרך, מוחרקה ונחל רקפת עילי",,
חורבת כרך ונחל רקפת,32.677312,35.0714278
עמק המצלבה,31.7725777,35.20704073
יער המכללות,32.26507355,34.88987494
"שביל החלמוניות, הר תבור",,
הר תבור שביל  פסגה,,
"""עמק החלמוניות"" ליד להבים",,
עין צור ברמת הנדיב,32.2792885,34.846721
גבעת מקורות ביצאה מקרית אתא לכוון צומת גילעם אחרי ביס לשוטרים,,
איתמר,32.32635695,34.87478091
יער יתיר דרך החלמוניות,,
"עמק האלה, סמוך למערת עדולם, בשדות שמאחורי המושבים: נווה מיכאל ואדרת.",,
מזרחית לעדי-עד,32.8081518,35.0057628
המסלול המתואר להר הילל,,
פלשת / גן לאומי גבעות הכורכר בנס ציונה,31.9312296,34.7823871
יער מסעדה,32.9951085,35.5196519
הר מירון והר אדיר,,
באזור חירבת חנות,,
"בית ג'אן, הר הלל",31.78197045,35.2222654
נחל יגור על גדר בחצית הכביש הפנימי של יגור,,
כביש מס' 2 בקטע קיסריה - זכרון יעקב,,
כביש 70 (זכרון-יקנעם),,
גבי ימין בירידה לגבים,,
נחל תקוע - ואדי חריטון,31.78155005,35.22589418
נס ציונה,31.9295577,34.7990609
"יער שוהם, יער אלעד, גבעת תיתורה במודיעין",,
עין ורד ליד תל גזר,31.848843,34.9348067
רמת מנשה - הר חורשן,31.9324623,34.8305707
יער רוחמה,31.4890033,34.68952687
לאורך כביש 395,31.772833,35.153612
עין חנדק,31.7621498,35.1387558
מעבר לשכונות המערביות של נס ציונה,,
הרי הכרמל בעלייה למצפה עופר,,
ליד התצפית על המכתש הקטן,,
"חר' סומקה, חר' דרג'",33.2238701,35.6222397
"נחל מורן מתחת לבה""ס שדה הר מירון על השביל וכן באזור עינות נריה",,
"נחל מורן קרוב לשביל ההליכה, אחרי היציאה מהחורש ולפני נק' המפגש עם ""כבי",,
שמורת הר הכרמל,32.67955965,34.98508825
חניון בית היערן,31.7670873,35.19532176
התחלת כביש בית אורן,32.546158,34.956234
שביל הפסגה מירון,32.7726111,34.9869943
עמק השלום - פארק רמות מנשה,,
פארק נחל אלכסנדר כניסה מתחת לגשר בכביש החוף נסיעה בדרך עפר.כורכר עביר,,
שמורת חרוצים (בני ציון),32.22110185,34.8572786
ירושלים,31.78847185,35.21879441
טבעון,32.7161543,35.126841
"צומת גולני לכיוון טבריה והכנרת, ביערות הקקל משני צידי הכביש",,
שמורת נוב רמת הגולן,32.832269,35.7831891
מכתש בארי והסביבה,31.4431127,34.48803971
צומת סעד,31.4697983,34.52855015
רכס הכורכר בנס ציונה ליד אצטדיון הכדורגל המקומי,,
כניסה לנחל גלים באזור חניית הרכבים,,
גבעות הכורכר בנס ציונה - ליד האיצטדיון,,
יער חדרה - קרוב לכביש הראשי,,
ליד חרבת סמארה,31.8833352,35.0293928
גבעת הכלניות,32.815796,35.1290851
"נחל אלכסנדר, ליד חרבת סמארה",,
נחל נשר עליון מצפון לצומת דמון,,
"הר זיו, מעל נחל כזיב",31.7948692,35.2153543
ליד כפר בן-נון,31.8624687,34.9471855
קיבוץ רוחמה,31.497778,34.706037
כל הארץ,31.9566488,34.8258035
חרמון,33.3177984,35.8036065
רמת הנדיב  - שביל אדום,,
שמורת אלוני יצחק,32.5102609,34.99941021
הר מסור,30.7482466,35.1250666
כביש 458 למעלה מכמש,,
הגבעות דרומית לצומת גורל,,
שמורת נחל פורה,31.4966619,34.77526577
גבעת הרקפות ליד קיבוץ גלעד,,
"נחל צין, בין מעלה צין לעין עקב",31.78196545,35.21956727
חניון האירוסים - הגלבוע,32.2815489,34.84004821
כוכב הירדן,32.59561265,35.52152774
כביש  7212 אוניברסיטת חיפה-נשר,,
כביש 7212 נשר- אוניברסיטת חיפה,,
נחל אלון-כרמל,30.0028932,34.8425844
חניון הר לפידים  בגלבוע,,
שקף,31.5156708,34.9377978
עמק האלה תל שכה,32.0504509,34.8425007
נחל אדוריים,31.5382596,34.766019
צידי דרכים ומדרכות - בבאר שבע,,
בקעת הירדן אום זוקא,,
חורבת סעדים,31.7509996,35.1293945
חניון איצטדיון טדי - ירושלים,,
ליד הכביש המוביל לעין יעל,,
ג. המורה,32.6176829,35.3489433
חורבת סהר- ג. המורה,,
ג.המורה,32.6176829,35.3489433
ליד פארק הדיג מעיין צבי,32.57987225,34.92136464
בנחל השופט,,
ואדי עמוד,31.7688139,35.2486748
ביער  אילנות  בצד  מזרחבין  קדימה  לצור  משה,,
גבעת התורמוסים - תל שוכה,32.1410227,34.829766
גבעת התורמוסים - תל שוכה עמק האלה,,
ממש לפני מושב שוקדה,,
גבעת התורמוסים - תל שוכה - עמק האלה,,
יערות הגלבוע,,
שייח מרזוק,31.74462,35.0810989
בכביש שבין גונן לעין תינה,,
כפר יהושע  בכביש הכניסה צד שמאל,,
הר הארבל,,
נס הרים,31.7444618,35.0579576
שמורת אודים - מול מכון ווינגייט,,
שמורת אודים דרומית לפארק יקום,,
שמורת אודים - דרומית לפארק יקום,,
"נחל דישון, נחל אביב",33.0588564,35.4689116
שמורת ביצות נוב,32.8339043,35.7943527
קיבוץ כפר גלעדי,33.2417843,35.5749608
"שמורת גוש אלונים, שמורת אלוני אבא - מצפון לכביש הגישה לבית לחם הגלילית",,
"שמורות אלוני אבא וגוש אלונים, מצפון לכביש הגישה לבית לחם הגלילית",,
הר האבל,32.1617501,34.8122491
כל נחלים הנשפכים לים המלח,,
כביש ערד-סדום וכל הנחלים הנשפכים לים המלח,,
קדומים,31.9497499,34.97890573
"גבעת האירוסים, נס ציונה",31.9325683,34.7986288
"יער עופר (לפני העלייה למצפה עופר, על השלוחה הדרומית יותר)",,
"לפני העלייה לכרם מהרל, בכניסה לחוות מקורה, מצד ימין",,
בשולי הכבישים בצפון השומרון,,
מחלף גלילות,32.1397712,34.8007491
"השלוחה המערבית לרמת בגין, חיפה",,
"יער עופר, לפני העלייה למצפה עופר. שלוחה דרומית.",,
חורבת שוכה (צמת האלה כביש 375),,
"יישוב דֹּלב, מערב בנימין (לא רחוק ממודיעין)",,
מירון - חורבת בק,32.989944,35.408222
בצרה,32.2143238,34.8779919
כרמל חיפה סטלה מאריס,32.82721815,34.97007729
השביל השחור שווצריה הקטנה,,
"בכניסה לדיר א-שיח, שמורת נחל שורק דרומי",,
במסלול בין מערת שורק לנחל קטלב,,
כביש נס הרים - בית שמש,,
גלבוע הר ברקן,32.5101497,35.4082838
הר אחים,32.8363766,35.3314134
"נחל לבן,חולות עגור.",,
"חולות עגור ,נחל לבן",,
מודיעין-גבעת בוכמןרעות ליד רחוב לוי,,
מדיעין- גבעת בוכמןרעות ליד רחוב לוי,,
"נחל ימין, גבי נחל ימין",31.7755969,35.2151673
שמורת האירוסים גבעת המורה,32.61574335,35.36144042
"כרמיאל, מצפור שי",32.9239174,35.2971355
"כרמיאל, מיצפור שי",32.9239174,35.2971355
יער ביריה,32.9928753,35.52904636
בקרבת יער אודם,33.2282263,35.74726372
רכס אצבע- בחלק המערבי,,
מאחורי מנזר לטרון,32.82721815,34.97007729
בדרך ממצפה אופיר לכוון עין גב,,
ממצפה אופיר לכוון עין גב,,
ים המלח,31.0336155,35.36641998
צומת אליקים בירידה מכביש 70,,
הר תנופה,31.784613,34.970591
נחל ג'יש וואדי חאביז,32.43936095,34.9147279
כביש גישה לאחוזת יערות הכרמל.,,
קניון הבזלת ליד בית שאן,,
"קומראן, מצדה, עין בוקק, בשולי כביש 90",,
נחל בוקק,31.1975171,35.3513543
רמת בית שמש,31.6959276,34.9952581
גבעות כורכר גברעם,31.7915795,35.2177352
נחל שלף,32.6041198,35.0845128
יער קולה ליד ראש העין,,
שמורת נוב ליד כיספין,31.9921435,34.7671551
בדרך לישוב רמות מנשה,,
מכתש רמון,30.589147,34.8011055
גבעת תיתורה מודיעין,31.90264415,35.02060004
נאות קדומים,31.9497499,34.97890573
פרק הסלעים-שביל אדום-בעקר באחו,,
מעל עין אלון במפגש שביל כחול עם כביש גבעת וולפסון,,
בכניסה לשביל האדום מהמוחרקה לדרך נוף,,
לאורך כביש מספר 1 ממחלף בן שמן מזרחה,,
כניסה לאתר מעלה גמלא,,
"עין זיוון, נחל עיט",33.0962822,35.7961971
"מעלה גמלא ישוב, מפלי גמלא",,
כביש 70 ממערב לצומת אליקים,,
נחל געתון,32.9990709,35.126661
מעלה הר כרמילה וערוץ נחל כסלון,,
ציר ריחניה עמוקה,,
"צומת המפלים רמה""ג",32.986249,35.751156
"יערות הכרמל-ליד החניונים בין העצים,בחי בר בכניסה",,
ממש בכניסה לחי בר בכרמל,,
שומרון - הישוב קדומים,32.4907671,35.4873814
למרגלות ההרודיון,,
מול שער הכניסה הישן של קרני שומרון,31.7752467,35.2239793
תל ניצנה - סמוך לחורבת העמודים,,
רח יפה נוף 122 חיפה,,
דרך הקיסר - הדרך מחורבת חנות עד לבור המים,,
קציר,32.4886297,35.1016891
שמורת אחו בנימינה,33.13211625,35.64697038
ההר העגול,32.5645376,35.0315376
שמורת עינות חצור,33.15004155,35.72124542
בין צומת כביש עוקף יריחו לצומת לידו,,
כביש הגישה לחורבת רקית,,
גבעת גד -מערבה לאמציה,,
גבעת גד מערבה לאמציה,,
גבעת גד מערבית לאמציה,,
שמורת נחל קטלב בהרי ירושלים ליד בר-גיורא,,
קרית חרושת ות. רכבת העמק באלרואי,,
נחל חלילים - מבשרת ציון,31.8035056,35.1659881
חרבת סמארה,,
יער גילה,31.73445,35.1949847
כביש 6 לכיוון צפון בערך בבקה אל גרביה,,
צפונית לכביש הגישה לכפר יהושע,,
שמורת שער פולג - אגם יקום,,
בתרונות מכתש בארי,31.4431127,34.48803971
כביש 6 קטע אייל,32.0420226,34.7824828
שמורת שער פולג (אגם יקום),,
חל תלכיד +נחל פיראן,,
מטולה. ליד הצימרים של משפ' לב-ארי.,,
"הר תבור, כל רחבי הגולן",,
קרית אונו - השכונה החדשה,32.0942626,34.8854136
"גבעת האירוסים בגבעות הכורכר, בצומת ורדים בין ראשל''צ ונס ציונה",,
שמורת הרקפות ליד קבוץ גלעד,,
שמורת האירוסים הסמוכה למכון וינגייט,,
רמת השופט,32.6119762,35.0949392
לצידי כביש 367 ליד נוה מיכאל,,
שמורת עיון - בדרך הצפונית למפל התחנה.,,
"שמורת פורה, על שביל ישראל",,
כביש 222 רביבים-צאלים,,
גמלא,32.8892522,35.6853352
נחל אורן אשר בכרמל,31.7364555,34.6376192
נחל דליות (מגרסה),32.8985526,35.7287957
שמורת טבע עין אפק,32.8456606,35.11246227
מקורות הירקון (כפר הבפטיסטים),32.11395725,34.91579432
סיבוב סחלבים במירון,,
שמורת הבונים-דור,32.6346414,34.91286156
"שמורת נחל כלח, אזור מודיעין",,
כביש גהה ליד הגשר המוביל לקרית אונו,,
"כביש גהה באזור הגשר המוביל לבי""ח שיבא והלאה עד לגשר המוביל לקרית אונו",,
אזור מודיעין,31.9895182,34.9418978
"גבעת התחתורה, מודיעין",31.90264415,35.02060004
"השביל האדום של נחל כלח, כרמל",,
"אזור מודיעין, כביש 443",31.924155,35.003119
"חולות אשדוד, חולות הרצליה",31.76034945,34.6331495
"חולות הרצליה, שמורת הבונים-דור",,
חולות אשדוד,31.76034945,34.6331495
הכביש הישן המוביל מחדרה לזכרון. באזור זכרון יעקב,,
"גבעת הרצליה ליד הים, שמורת הבונים-דור",,
חומות משכנות שאננים בירושלים,,
עמק הארזים בסמוך לעינות תלם ושביל ירושלים,,
"יער אודם , רמת הגולן",33.2282608,35.7287693
"הר חרמון , רכבל תחתון",,
לצידי הכביש בין תחנת רכבת מלחה לחניון אגד במקום,,
"שמשית, חורשת אורנים וברושים לכיוון עילוט",,
לצידי כביש מס' 35,32.7731361,34.9633564
עין מירב אשר ליד נחל געתון,31.7001443,34.5847467
בצידי כביש 80,31.285341,35.130043
לאורך צידי כביש מס' 80+29,,
ואדיות בערד,,
ואדיות בעיר ערד,30.7636234,35.2794879
יער בלפור ליד מגדל העמק,,
יער בלפור,32.6702369,35.26094186
שולי הכביש בקרבת מושב חד-נס,,
רכס בשנית (חזיקה),33.04601225,35.84771569
פארק תמנע,29.78784415,34.98896758
שביל ממוחרקה לחירבת כרך,,
הכפר הנטוש ליפתא. בכניסה המערבית לירושלים,,
 לאורך המסלול כחול נחל ספונים,,
לאורך המסלול הכחול נחל ספונים,,
"ליד מיני ישראל, לאורך כביש 1 וכביש 38",,
לאורך כביש 38,32.4711161,34.8988419
יער ניר משה,31.4772702,34.6299737
סטף וכל הסביבה,,
שמורת בית עובד,31.921288,34.7737889
נס ציונה - דרך גבעות הכורכר פינת רח'' המאה ואחד,31.9376703,34.7924076
שמורת דליות,,
"תל שוכה, גבעת התורמוסים",32.1410227,34.829766
עין תלם,31.804771,35.172113
גבעת חומרה - בדרך לפלמחים,,
"שמורת נוב, רמת הגולן",32.832269,35.7831891
שמורת חלמוניות רכס בוקר- מפנה צפוני,30.9115519,34.75681754
"הר מירון - חורבת ב""ק ורכס עפאים",,
יער להב  יש שילוט.,31.3667888,34.83852247
להבים- חניון החלמוניות,,
ירוחם,30.9869949,34.93967723
שביל הפיסגה - מירון,32.7726111,34.9869943
תל אביב,32.0852997,34.7818064
הר חוזק - רכס בשנית,,
עין זיוון,33.0962822,35.7961971
שמורת געש,32.22907865,34.83116072
"נחל גלד, נקרות, צבירה...",31.224049,34.779436
"נחל נקרות, נחל גלד, נחל מעוק",30.5834054,35.0001569
מאגורת רחמים,,
גן העצמאות בתל אביב צפונית למלון הילטון,,
שמורת החולה,33.07843255,35.59917453
שמורת חוף השרון (כניסה מצומת ספרים בגעש),,
"בשולי כביש 4 צפון,מיד אחרי מחלף קיסריה",,
מכון וולקני,32.7075059,35.17967395
"רכס שועפת,בין רמת שלמה לשועפת",31.8186082,35.2284122
כביש הכניסה לגבעת ברנר מצפון.,,
שמורת נחל דן,33.2381205,35.641911
חוף הים של נהריה,33.0700168,35.1412187
הרי ירושלים בסמוך לבת עין,,
עין א - תינה,32.50934,35.15969
נחל ממשית,31.0102232,35.0682164
החלק הצפוני מזרחי של לע הר הגעש בקרני חיטין,,
מצפון מזרח לבית הכנסת העתיק בחרבת עמודים,,
תל שביב.,32.0420053,34.7511397
נחל חצץ-גבי הנרקיסים,31.7400799,34.7434291
בית,32.4967519,35.4973022
נחל הבשור,31.1631134,34.6146652
ביתרונות בארי,,
נחאביר,31.4296433,34.4685752
דימונה,31.07085855,35.04124552
מעלה עמוס. הדרך היורדת מכיוון רמת כוכב לנחל תבור על הסימון הירוק.,,
ממצפה אופיר ולאורך המצוק דרומה על השביל המוליך לקרן עין גב.,,
" סמ""ש ירוק מחרבת עלי א-דין למצודת הבמה",,
הר חרת - שביל הפסגה,32.6450187,35.0721031
מצודת הבמה,32.703806,35.096083
שביל היערנים כניסה מאשתאול,,
שמורת נחל כיסלון,31.7527064,35.06161062
בכל הנגב הצפוני והאיזור שבין קריית-גת לאשקלון-בצידי הדרכים,,
הר הכרמל,32.67955965,34.98508825
כתף הכרמל,,
ראש העין,32.0952929,34.9533225
נחל רבה (יער כח),32.7931481,35.0230262
גבעות מזרחיות לראש העין,32.1431502,34.8378272
מצפה מודיעין (איזור יער בן שמן),31.898238,34.9827982
נחל אשלים עליון,31.074693,35.2253475
בין צור נתן לכוכב יאיר,,
"בצור יגאל,צור נתן,וכוכב יאיר בשטח פתוח",,
ליד בית הקברות-מבוא חמה,,
נחל צפית,30.9739091,35.2839981
מצד תמר,31.0278529,35.24170468
שכונת אל מעאג'ין     שכם,,
"מערבית למערת בני ברית, במפגש אדום 9329 עם ירוק 9364",,
נחל תאנים,32.3165996,34.9752408
יער קרן כרמל,32.698807,35.06289153
יער אלוני אבא,32.7310157,35.1713637
דרך מעגלית בהר תבור מובילה לשביל החלמוניות,,
בשביל אדום מדרום לאנדרטת כוח ביער קולה ובשיאי הגבעות ממזרח,,
בשביל אדום מדרום לאנדרטת כוח ביער קולה ובגבעות ממזרח,,
"הר  התבור, דרך  קקל  טבעתית  בתבור.",,
שביל החלמוניות הר תבור,,
"מצפה השלום, כפר חרוב",,
נחל קידרון / מנזר מר סבא,,
הר השאבי,32.8388891,35.291667
הר השאבי  - בדרך לחוות חלב עם הרוח,,
רכס התותחים פארק קנדה,,
דרום מערב קיבוץ דליה,,
ישובי גב  ההר,32.7431821,35.0360973
גבעת כח ליד כביש 6 ובריכת צרטה,,
הר זיכרונה.מזרחית לזכרון יעקב. בחלק הצפוני.ראש ההר.,,
"הר זיכרונה.מזרחית לזכרון יעקב.בראש ההר בחלק הצפוני.עליה מחניון תשבי,עי",,
עמק מן בחרמון,,
"חולון, גינת השומרון",32.01599895,34.78595636
"נחל סבך,שביל  מערות ישח",33.021515,35.269617
שביל  מערות ישח,32.9233736,35.2168015
שביל מערות ישח,32.9233736,35.2168015
בין נחל סבך לרום כרמל,,
רמת הנדיב- מסלול הנשרים,,
נחל חרמון תחתון,33.2259212,35.6546462
מצפור שמיר - ליד מעלה גלבוע,,
הר הטייסים,32.1658286,34.8544545
שמורת להב,31.39514495,34.86018076
בין מערת היונים למערת המתבודד,,
הר הטייסים ורכס כסלון,,
יער אמציה,31.50706125,34.88529401
על יד הכפר הטיפולי מלכישוע,,
צפונית לבית הקברות החדש בנצרת עילית,,
פארק כפר סבא,32.17770745,34.92467105
באר-שבע,31.2457442,34.7925181
כביש 672,32.0502869,34.7881939
חיבור נחל חיק ונחל אורן,,
חניון אליקים,31.95037365,34.89909025
"גלבוע, הר ברקן",32.5101497,35.4082838
תל שוכה - עמק האלה,32.0504509,34.8425007
חרבת בורגין,,
הר אודם,33.1987522,35.7543469
עמיקם,32.5638651,35.020477
נחל אוג תחתון,32.7138895,34.9814622
גבעות מיתר ליד מגדל תצפית קקל כמויות גדולות ליד אנדרטה לזכר מוטי סרפד,,
בכניסה לקיבוץ פונים ימינה עוברים את הרפת ושוב ימינה עד לאנטנה הגבוהה,,
נחל בצת,33.0656212,35.1300318
יער הקדושים  - דרך כחולה,,
כרם בן זמרה,33.0388862,35.468049
כביש 395 (צומת אשתאול-סטף),,
נחל עמוד/מירון,32.9361657,35.4762685
טעות בשם ובמשפחה!!!,,
נחל באר,31.2332689,34.7997615
יער הקדושים - כניסה מערבית,,
נחל הוד,31.6890329,34.6431713
מערות לוזית,31.6755562,34.8865623
גבעות מע'אר ליד גדרה,32.9663441,35.5018643
נחל זוויתן,32.3112667,34.9291889
מצפה הלה,31.6837931,34.5788125
עמק צורים,31.78788535,35.2427547
ליד יער יתיר,31.30701715,35.00383048
להבים מזרח,,
ליד להבים,31.3687019,34.8059222
רוג'ום אל הירי,32.9086513,35.801037
מצוקי האון ליד מבוא חמה,,
גבעת החאן,31.7685008,35.2246829
מעל נחל בצת.,33.0656212,35.1300318
מושב לימן,,
פארק אדמית,32.0589698,34.80608073
פארק אדמית.,32.0589698,34.80608073
רמת מנשה,32.5666501,35.176777
"נחל יצפור, רכס הגלבוע.",,
גבי ימין,31.7755969,35.2151673
גבעת עדה גן שעשושים במושבה,,
הר תבור - שביל הפסגה,,
מצוקי מבוא חמה,32.7386339,35.6564586
שלוחה מצפון לנחל רון (צפון לקיבוץ דליה ) צמוד לשני עצי חרוב  על השלו,,
אחו נוב,31.99668725,34.7469344
עמק לבן,32.0774422,34.8202499
נחל תאנים קדומים,32.3165996,34.9752408
יקנעם עמק השלום,32.6810411,35.125769
עמק האלה חרבת נטיף,32.4013662,34.9103096
לכיש ליד מושב אמציה,,
עמק האלה- חורבת נטיף,,
עמק האלה-חורבת נטיף,,
המצוק מעל הים בשמורת האירוסים,,
אור הנר - שביל נחל השקמה,,
בדרך נוף גבעת המורה וליד בית השיטה,,
עמק המצלבה ירושלים,31.7753065,35.2088872
שמורת יקום/ האגם,32.289522,34.849695
שמורת יקום האגם,32.289522,34.849695
שמורת חוף השרון ליד שפיים,,
יער ראש העין ושביל הפריחה,,
"נחל אשלון, ליד המזבלה של דימונה",,
"החל דימונה, ליד שכונת נווה חורש בדימונה",31.0774587,35.0403092
יד מרדכי,31.5886771,34.5589997
אתר תחנת הכוח חגית,32.4706729,34.89097641
בחורשה מול פארק נחשונים,32.06357555,34.94771884
"דרך נחל שיקמה, דרומית לשער המזרחי של קיבוץ אור הנר.",,
למרגלות תל נגילה,31.502512,34.7572739
שמורת נחל עיון,33.2689616,35.580905
שמורת נחל עיון והבניאס,33.2689616,35.580905
חרבת מדרס מול צפרירים,31.6559382,34.9374688
שמורת הר חורשן,32.5852447,35.00362808
"כתף שזיף, החרמון",,
"אתר ברית בין הבתרים, הר דוב",31.7841447,35.220542
עין אלון,32.7268476,35.0229471
כביש לגבעת וולפסון מצד ימין,,
ליד נעורה,31.9690407,34.8073129
שמורת אירוס הארגמן בית חנן,,
כפר יהושע בכביש הכביש הכניסה צד שמאל,,
 שמורת  הטבע  רמת  הנדיב-זכרון  יעקב,32.5544052,34.946476
הירדן ההררית,32.9782806,35.6245212
הג'ובה הגדולה ביער אודם,,
הג'ובה הגדולה,33.206722,35.733647
במהלך המסלול המעגלי סביב חורשת הארבעים,,
יער בארי,31.4042636,34.47027333
הג'ובה הגדולה יער אודם,33.2282608,35.7287693
בדרך ל ג'ובה הגדולה ביער אודם,,
שמורת לימן,33.0686857,35.11491993
בסמוך לחניון הקטן למסלול אל מערת קשת,,
הר מירון -,32.9977837,35.4137268
מירון - שביל הפסגה,32.7726111,34.9869943
"נחל עמוד , סימון שבילים - שביל ירוק",31.8238764,35.2438675
שמורת החוף ראש הנקרה,33.06395065,35.02316808
  שמורת  הטבע   רמת  הנדיב  ע''י  זכרון  יעקב,32.5576014,34.9561913
שמורת  הטבע  רמת  הנדיב  ע''י  זכרון  יעקב,32.5576014,34.9561913
   שמורת  הטבע   רמת  הנדיב  ע''י  זכרון  יעקב,32.5576014,34.9561913
שמורת חוף ראש הנקרה,33.0674181,35.10558248
ליד קיבוץ רוחמה,31.497778,34.706037
קברי השומרונים מתחם רמת אביב ג'-גלילות,32.0120519,34.7815927
הר נפוליון,,
בית חנן,31.9337581,34.7740084
כביש 232,32.6920098,35.2525897
כביש 232 - אזור הישוב עלומים,,
יער קדושים,32.9058811,35.46850587
שביל שחור מפסגת הר מירון לביהס שדה מירון,,
הר מירון / שביל הפסגה/ ביהס שדה מירון,,
שביל שחור בדרך לביהס שדה מירון,,
הר מירון וסביבתו,32.9977837,35.4137268
הר מירון / שביל הפסגה / שביל שחור,,
הר שוכה (מערבית לעמק האלה),,
תל שוכה (מערבית לעמק האלה),,
מצפה חגי - צומת חלוקים,,
שביל כחול העולה מנחל מערות לכרמל,,
נחל השומר ליד כפר גלעדי,,
"גבעת התורמוסים ליד נתיב הל""ה",,
פארק 3000 יער גילה,,
עומר,31.2678251,34.85127979
שמורת נחל מערות - כרמל,,
שמורת נחל מערות - הכרמל,32.67120145,34.96521596
שמורת נחל מערות- הכרמל,32.67120145,34.96521596
שמורת נחל המערות - כרמל,,
שמורת קדימה - השרון,32.2764459,34.9125436
הר גלבוע  מורדות מזרחיים,33.2259488,35.5705246
בשביל מסביב למלכישוע בגלבוע,,
שמורת חרוצים בני ציון,32.22110185,34.8572786
נחל צלמון,32.9365276,35.4281997
 גמלא. בדרך למפל,,
גליל עליון,33.12503835,35.61242532
עין סג'מא - גוש עציון,,
גלבוע - הר ברקן,32.5101497,35.4082838
ביערות ליד מערת הנטיפים,,
"שמורת בני ציון, חרוצים",32.22110185,34.8572786
שמורת נחל עורבים,33.1424535,35.6697661
גלבון ברכת הקצינים,33.24577995,35.68923878
נוב רמהג,32.119992,34.8416994
שכונת הר יונה נצרת,32.716093,35.352028
חברת מדרס,,
מסלול נחל אל-על,32.8262779,35.7520258
הגלבוע - הר ברקן,32.5100616,35.4087714
לאורך כביש 5 מברקן לצומת קסם,,
חרמון רכבל עליון מעל עיקול בננה,,
במצוקים שמעל ומתחת המסלול האדום בין גשר נחל כלך לכיוון חוות הסוסים בצ.,,
ליד חורשת הארבעים,31.8921472,34.8012142
שמורת מתת,,
בכביש לשביל הפיסגה במירון,,
"שביל הגולן, ליד עין זיוון",33.0943823,35.7982855
מצפה פאר (הר נזר),32.0902271,34.9632829
בירידה בשביל ישראל מהמצבה לכיוון עין זבד לפני ההוטה בצד שמאל של הדרך,,
מירון בכביש העולה לשביל הפיסגה,,
נחל כזיב ליד עין טמיר,,
ירידה לנחל יגור,32.0988466,34.7765821
נחל לוץ,30.4928366,34.6316183
כרמל - מסלול טיול רכס אצבע,,
"בין ירוחם לדימונה, שמורת אירוס ירוחם",31.02103115,34.974141
גבעת הדקטלוריזות,,
שמורת טבע אירוס הדור אילת השחר,33.0118477,35.56442207
ואדי עין זרקא (מתחת לבית אריה),,
נחל סלעית,30.7227642,35.1820952
בשביל לחרבת קייאפה,,
 נחל יחיעם - תחילת המסלול ליד מבצר יחיעם,,
הגלבוע - מלכישוע,,
בורות לוץ לאורך סימון שבילים אדום,,
הר יונה בנצרת עילית,,
יער שחריה (יער המלכים),31.59569935,34.82991821
שמורת אודים וגם שמורת פולג,,
שמורות אודים ופולג,,
שמורת אלונים בין חוצות אלונים לפנייה לקרית טבעון,,
הר כרמל,32.8078204,34.9906527
כרמל - נחל כלח,32.7426832,35.0239552
עמק הירדן - עליון,32.9520456,35.6178549
תל יודפת והר עצמון,,
עמק ירדן - עליון,32.5644389,35.5645775
חירבת מדרס,,
יער גברעם בסמוך לסינגל גברעם,,
פתחת נחל מערות,32.67120145,34.96521596
ליד נושב נוב,32.832269,35.7831891
יער ראש העין שביל הפרחים ומסביב,32.0882859,34.9642798
שדות הבר בעמק הירדן העליון,,
שדות הבר - עמק הירדן העליון,,
נחל כסלון ונחל כרמילה,,
נחל כרמילה ונחל כסלון,,
"חניון הפיתולים, חוות הרוכבים, בית אורן",,
שמורת המוחרקה,32.61574335,35.36144042
שביל היערנים במערב הר תבור,,
סובב פסגת הר תבור,,
דרך בורמה יער אשתאול,31.9498501,34.8973747
דרך בורמה - יער אשתאול,31.9498501,34.8973747
הר אדמי מעל בקעת יבניאל,,
שביל ישראל מחורבת רקית למערת ישח,32.6540385,35.0773971
נחל גובתה עליון,33.2762584,35.7546377
בצידי הכביש ממצודת נמרוד לנבי-חזורי,,
נחל גובתה  עליון (בשביל השחור היורד מנוה אטיב),,
אזור סיבוב הקטלבים,31.5189514,34.5620728
עין כנף,32.8630791,35.7128601
נחל כנף,32.8568974,35.7062747
שלגית גדולה בעמק בולען בחרמון,,
חרמון רכבל תחתון,32.7820254,35.65318433
